INSERT INTO customer(id, name, phone, tstamp) values( nextval( 'hibernate_sequence') , 'Sam','(925)-123-4567', NOW());
INSERT INTO customer(id, name, phone, tstamp) values( nextval( 'hibernate_sequence') , 'Sergey','(925)-223-4567', NOW());
INSERT INTO customer(id, name, phone, tstamp) values( nextval( 'hibernate_sequence') , 'Bob', ,'(925)-323-4567', NOW());
INSERT INTO customer(id, name, phone, tstamp) values( nextval( 'hibernate_sequence') , 'Robert','(925)-423-4567', NOW());
INSERT INTO customer(id, name, phone, tstamp) values( nextval( 'hibernate_sequence') , 'Alex', '(925)-523-4567', NOW());
INSERT INTO customer(id, name, phone, tstamp) values( nextval( 'hibernate_sequence') , 'Savva','(925)-623-4567', NOW());
INSERT INTO customer(id, name, phone, tstamp) values( nextval( 'hibernate_sequence') , 'Josh', '(925)-723-4567', NOW());
INSERT INTO customer(id, name, phone, tstamp) values( nextval( 'hibernate_sequence') , 'Patrick','(925)-823-4567', NOW());
INSERT INTO customer(id, name, phone, tstamp) values( nextval( 'hibernate_sequence') , 'Andy', '(925)-923-4567', NOW());
INSERT INTO customer(id, name, phone, tstamp) values( nextval( 'hibernate_sequence') , 'Eric', '(925)-013-4567', NOW());
INSERT INTO customer(id, name, phone, tstamp) values( nextval( 'hibernate_sequence') , 'Chris','(925)-023-4567', NOW());
INSERT INTO customer(id, name, phone, tstamp) values( nextval( 'hibernate_sequence') , 'Raj', '(925)-033-4567', NOW());
INSERT INTO customer(id, name, phone, tstamp) values( nextval( 'hibernate_sequence') , 'Vic', '(925)-043-4567', NOW());
INSERT INTO customer(id, name, phone, tstamp) values( nextval( 'hibernate_sequence') , 'Rich','(925)-053-4567', NOW());
INSERT INTO customer(id, name, phone, tstamp) values( nextval( 'hibernate_sequence') , 'Mark','(925)-063-4567', NOW());
INSERT INTO customer(id, name, phone, tstamp) values( nextval( 'hibernate_sequence') , 'Mark','(925)-063-4567', NOW());
INSERT INTO supplier(supplierId,supplierName,supplierAddress,supplierPhoneNumber,suppliertype,supplierStatus) values( 1011, 'ABC corporation','Abc lane 1234 House Number USA', '123456789','Manufacturing','A');
INSERT INTO supplier(supplierId,supplierName,supplierAddress,supplierPhoneNumber,suppliertype,supplierStatus) values( 1012, 'ABC 2 limited','Abc lane 1234 House Number USA', '123456789','Manufacturing','A');
INSERT INTO supplier(supplierId,supplierName,supplierAddress,supplierPhoneNumber,suppliertype,supplierStatus) values( 1013, 'Expert Automation 1','Abc lane 1234 House Number USA', '123456789','Manufacturing','A');
INSERT INTO supplier(supplierId,supplierName,supplierAddress,supplierPhoneNumber,suppliertype,supplierStatus) values( 1014, 'Expert Automation 2','Abc lane 1234 House Number USA', '123456789','Manufacturing','A');
INSERT INTO supplier(supplierId,supplierName,supplierAddress,supplierPhoneNumber,suppliertype,supplierStatus) values( 1015, 'Expert Automation 2','Abc lane 1234 House Number USA', '123456789','Manufacturing','A');
INSERT INTO supplier(supplierId,supplierName,supplierAddress,supplierPhoneNumber,suppliertype,supplierStatus) values( 1016, 'Expert Automation 2','Abc lane 1234 House Number USA', '123456789','Manufacturing','A');
INSERT INTO supplier(supplierId,supplierName,supplierAddress,supplierPhoneNumber,suppliertype,supplierStatus) values( 1017, 'Expert Automation 2','Abc lane 1234 House Number USA', '123456789','Manufacturing','A');
INSERT INTO supplier(supplierId,supplierName,supplierAddress,supplierPhoneNumber,suppliertype,supplierStatus) values( 1018, 'Expert Automation 2','Abc lane 1234 House Number USA', '123456789','Manufacturing','A');
INSERT INTO supplier(supplierId,supplierName,supplierAddress,supplierPhoneNumber,suppliertype,supplierStatus) values( 1019, 'Expert Automation 2','Abc lane 1234 House Number USA', '123456789','Manufacturing','A');
INSERT INTO supplier(supplierId,supplierName,supplierAddress,supplierPhoneNumber,suppliertype,supplierStatus) values( 1020, 'Expert Automation 2','Abc lane 1234 House Number USA', '123456789','Manufacturing','A');
INSERT INTO supplier(supplierId,supplierName,supplierAddress,supplierPhoneNumber,suppliertype,supplierStatus) values( 1021, 'Expert Automation 2','Abc lane 1234 House Number USA', '123456789','Manufacturing','A');
INSERT INTO supplier(supplierId,supplierName,supplierAddress,supplierPhoneNumber,suppliertype,supplierStatus) values( 1022, 'Expert Automation 2','Abc lane 1234 House Number USA', '123456789','Manufacturing','A');
INSERT INTO supplier(supplierId,supplierName,supplierAddress,supplierPhoneNumber,suppliertype,supplierStatus) values( 1023, 'Expert Automation 2','Abc lane 1234 House Number USA', '123456789','Manufacturing','A');
INSERT INTO supplier(supplierId,supplierName,supplierAddress,supplierPhoneNumber,suppliertype,supplierStatus) values( 1024, 'Expert Automation 2','Abc lane 1234 House Number USA', '123456789','Manufacturing','A');
INSERT INTO supplier(supplierId,supplierName,supplierAddress,supplierPhoneNumber,suppliertype,supplierStatus) values( 1025, 'Expert Automation 2','Abc lane 1234 House Number USA', '123456789','Manufacturing','A');
INSERT INTO supplier(supplierId,supplierName,supplierAddress,supplierPhoneNumber,suppliertype,supplierStatus) values( 1026, 'Expert Automation 2','Abc lane 1234 House Number USA', '123456789','Manufacturing','A');
INSERT INTO supplier(supplierId,supplierName,supplierAddress,supplierPhoneNumber,suppliertype,supplierStatus) values( 1027, 'Expert Automation 2','Abc lane 1234 House Number USA', '123456789','Manufacturing','A');
INSERT INTO InvoiceHold(holdId,holdReason,holdResolution,holdFaq) values( 'HL11001', 'Part Quality','Part Quality','what are the details requiered for Audit');
INSERT INTO InvoiceHold(holdId,holdReason,holdResolution,holdFaq) values( 'HL11002', 'Insuffcient inventory','Update Inventory','How we can check the inventory');
INSERT INTO InvoiceHold(holdId,holdReason,holdResolution,holdFaq) values( 'HL11003', 'Details not available','Update supplier details','What all details are required');
INSERT INTO InvoiceHold(holdId,holdReason,holdResolution,holdFaq) values( 'HL11004', 'Additional verification requiered','Provide Verification proof','List of documents');
INSERT INTO orderData( orderDetails,orderId,orderAmount,supplier,orderDate)  values(  'null', 'Ord0001', '100000', '1011', '1/20/2016' );
INSERT INTO orderData( orderDetails,orderId,orderAmount,supplier,orderDate)  values(  'null', 'Ord0002', '100001', '1012', '1/21/2016' );
INSERT INTO orderData( orderDetails,orderId,orderAmount,supplier,orderDate)  values(  'null', 'Ord0003', '100002', '1013', '1/22/2016' );
INSERT INTO orderData( orderDetails,orderId,orderAmount,supplier,orderDate)  values(  'null', 'Ord0004', '100003', '1014', '1/23/2016' );
INSERT INTO orderData( orderDetails,orderId,orderAmount,supplier,orderDate)  values(  'null', 'Ord0005', '100004', '1015', '1/24/2016' );
INSERT INTO orderData( orderDetails,orderId,orderAmount,supplier,orderDate)  values(  'null', 'Ord0006', '100005', '1016', '1/25/2016' );
INSERT INTO orderData( orderDetails,orderId,orderAmount,supplier,orderDate)  values(  'null', 'Ord0007', '100006', '1017', '1/26/2016' );
INSERT INTO orderData( orderDetails,orderId,orderAmount,supplier,orderDate)  values(  'null', 'Ord0008', '100007', '1018', '1/27/2016' );
INSERT INTO orderData( orderDetails,orderId,orderAmount,supplier,orderDate)  values(  'null', 'Ord0009', '100008', '1019', '1/28/2016' );
INSERT INTO orderData( orderDetails,orderId,orderAmount,supplier,orderDate)  values(  'null', 'Ord0010', '100009', '1020', '1/29/2016' );
INSERT INTO orderData( orderDetails,orderId,orderAmount,supplier,orderDate)  values(  'null', 'Ord0011', '100010', '1021', '1/30/2016' );
INSERT INTO orderData( orderDetails,orderId,orderAmount,supplier,orderDate)  values(  'null', 'Ord0012', '100011', '1022', '1/31/2016' );
INSERT INTO orderData( orderDetails,orderId,orderAmount,supplier,orderDate)  values(  'null', 'Ord0013', '100012', '1023', '2/1/2016' );
INSERT INTO orderData( orderDetails,orderId,orderAmount,supplier,orderDate)  values(  'null', 'Ord0014', '100013', '1024', '2/2/2016' );
INSERT INTO orderData( orderDetails,orderId,orderAmount,supplier,orderDate)  values(  'null', 'Ord0015', '100014', '1025', '2/3/2016' );
INSERT INTO orderData( orderDetails,orderId,orderAmount,supplier,orderDate)  values(  'null', 'Ord0016', '100015', '1026', '2/4/2016' );
INSERT INTO orderData( orderDetails,orderId,orderAmount,supplier,orderDate)  values(  'null', 'Ord0017', '100016', '1027', '2/5/2016' );
INSERT INTO orderData( orderDetails,orderId,orderAmount,supplier,orderDate)  values(  'null', 'Ord0018', '100017', '1011', '2/6/2016' );
INSERT INTO orderData( orderDetails,orderId,orderAmount,supplier,orderDate)  values(  'null', 'Ord0019', '100018', '1012', '2/7/2016' );
INSERT INTO orderData( orderDetails,orderId,orderAmount,supplier,orderDate)  values(  'null', 'Ord0020', '100019', '1013', '2/8/2016' );
INSERT INTO orderData( orderDetails,orderId,orderAmount,supplier,orderDate)  values(  'null', 'Ord0021', '100020', '1014', '2/9/2016' );
INSERT INTO orderData( orderDetails,orderId,orderAmount,supplier,orderDate)  values(  'null', 'Ord0022', '100021', '1015', '2/10/2016' );
INSERT INTO orderData( orderDetails,orderId,orderAmount,supplier,orderDate)  values(  'null', 'Ord0023', '100022', '1016', '2/11/2016' );
INSERT INTO orderData( orderDetails,orderId,orderAmount,supplier,orderDate)  values(  'null', 'Ord0024', '100023', '1017', '2/12/2016' );
INSERT INTO orderData( orderDetails,orderId,orderAmount,supplier,orderDate)  values(  'null', 'Ord0025', '100024', '1018', '2/13/2016' );
INSERT INTO orderData( orderDetails,orderId,orderAmount,supplier,orderDate)  values(  'null', 'Ord0026', '100025', '1019', '2/14/2016' );
INSERT INTO orderData( orderDetails,orderId,orderAmount,supplier,orderDate)  values(  'null', 'Ord0027', '100026', '1020', '2/15/2016' );
INSERT INTO orderData( orderDetails,orderId,orderAmount,supplier,orderDate)  values(  'null', 'Ord0028', '100027', '1021', '2/16/2016' );
INSERT INTO orderData( orderDetails,orderId,orderAmount,supplier,orderDate)  values(  'null', 'Ord0029', '100028', '1022', '2/17/2016' );
INSERT INTO orderData( orderDetails,orderId,orderAmount,supplier,orderDate)  values(  'null', 'Ord0030', '100029', '1023', '2/18/2016' );
INSERT INTO orderData( orderDetails,orderId,orderAmount,supplier,orderDate)  values(  'null', 'Ord0031', '100030', '1024', '2/19/2016' );
INSERT INTO orderData( orderDetails,orderId,orderAmount,supplier,orderDate)  values(  'null', 'Ord0032', '100031', '1025', '2/20/2016' );
INSERT INTO orderData( orderDetails,orderId,orderAmount,supplier,orderDate)  values(  'null', 'Ord0033', '100032', '1026', '2/21/2016' );
INSERT INTO orderData( orderDetails,orderId,orderAmount,supplier,orderDate)  values(  'null', 'Ord0034', '100033', '1027', '2/22/2016' );
INSERT INTO orderData( orderDetails,orderId,orderAmount,supplier,orderDate)  values(  'null', 'Ord0035', '100034', '1011', '2/23/2016' );
INSERT INTO orderData( orderDetails,orderId,orderAmount,supplier,orderDate)  values(  'null', 'Ord0036', '100035', '1012', '2/24/2016' );
INSERT INTO orderData( orderDetails,orderId,orderAmount,supplier,orderDate)  values(  'null', 'Ord0037', '100036', '1013', '2/25/2016' );
INSERT INTO orderData( orderDetails,orderId,orderAmount,supplier,orderDate)  values(  'null', 'Ord0038', '100037', '1014', '2/26/2016' );
INSERT INTO orderData( orderDetails,orderId,orderAmount,supplier,orderDate)  values(  'null', 'Ord0039', '100038', '1015', '2/27/2016' );
INSERT INTO orderData( orderDetails,orderId,orderAmount,supplier,orderDate)  values(  'null', 'Ord0040', '100039', '1016', '2/28/2016' );
INSERT INTO orderData( orderDetails,orderId,orderAmount,supplier,orderDate)  values(  'null', 'Ord0041', '100040', '1017', '2/29/2016' );
INSERT INTO orderData( orderDetails,orderId,orderAmount,supplier,orderDate)  values(  'null', 'Ord0042', '100041', '1018', '3/1/2016' );
INSERT INTO orderData( orderDetails,orderId,orderAmount,supplier,orderDate)  values(  'null', 'Ord0043', '100042', '1019', '3/2/2016' );
INSERT INTO orderData( orderDetails,orderId,orderAmount,supplier,orderDate)  values(  'null', 'Ord0044', '100043', '1020', '3/3/2016' );
INSERT INTO orderData( orderDetails,orderId,orderAmount,supplier,orderDate)  values(  'null', 'Ord0045', '100044', '1021', '3/4/2016' );
INSERT INTO orderData( orderDetails,orderId,orderAmount,supplier,orderDate)  values(  'null', 'Ord0046', '100045', '1022', '3/5/2016' );
INSERT INTO orderData( orderDetails,orderId,orderAmount,supplier,orderDate)  values(  'null', 'Ord0047', '100046', '1023', '3/6/2016' );
INSERT INTO orderData( orderDetails,orderId,orderAmount,supplier,orderDate)  values(  'null', 'Ord0048', '100047', '1024', '3/7/2016' );
INSERT INTO orderData( orderDetails,orderId,orderAmount,supplier,orderDate)  values(  'null', 'Ord0049', '100048', '1025', '3/8/2016' );
INSERT INTO orderData( orderDetails,orderId,orderAmount,supplier,orderDate)  values(  'null', 'Ord0050', '100049', '1026', '3/9/2016' );
INSERT INTO orderData( orderDetails,orderId,orderAmount,supplier,orderDate)  values(  'null', 'Ord0051', '100050', '1027', '3/10/2016' );
INSERT INTO orderData( orderDetails,orderId,orderAmount,supplier,orderDate)  values(  'null', 'Ord0052', '100051', '1011', '3/11/2016' );
INSERT INTO orderData( orderDetails,orderId,orderAmount,supplier,orderDate)  values(  'null', 'Ord0053', '100052', '1012', '3/12/2016' );
INSERT INTO orderData( orderDetails,orderId,orderAmount,supplier,orderDate)  values(  'null', 'Ord0054', '100053', '1013', '3/13/2016' );
INSERT INTO orderData( orderDetails,orderId,orderAmount,supplier,orderDate)  values(  'null', 'Ord0055', '100054', '1014', '3/14/2016' );
INSERT INTO orderData( orderDetails,orderId,orderAmount,supplier,orderDate)  values(  'null', 'Ord0056', '100055', '1015', '3/15/2016' );
INSERT INTO orderData( orderDetails,orderId,orderAmount,supplier,orderDate)  values(  'null', 'Ord0057', '100056', '1016', '3/16/2016' );
INSERT INTO orderData( orderDetails,orderId,orderAmount,supplier,orderDate)  values(  'null', 'Ord0058', '100057', '1017', '3/17/2016' );
INSERT INTO orderData( orderDetails,orderId,orderAmount,supplier,orderDate)  values(  'null', 'Ord0059', '100058', '1018', '3/18/2016' );
INSERT INTO orderData( orderDetails,orderId,orderAmount,supplier,orderDate)  values(  'null', 'Ord0060', '100059', '1019', '3/19/2016' );
INSERT INTO orderData( orderDetails,orderId,orderAmount,supplier,orderDate)  values(  'null', 'Ord0061', '100060', '1020', '3/20/2016' );
INSERT INTO orderData( orderDetails,orderId,orderAmount,supplier,orderDate)  values(  'null', 'Ord0062', '100061', '1021', '3/21/2016' );
INSERT INTO orderData( orderDetails,orderId,orderAmount,supplier,orderDate)  values(  'null', 'Ord0063', '100062', '1022', '3/22/2016' );
INSERT INTO orderData( orderDetails,orderId,orderAmount,supplier,orderDate)  values(  'null', 'Ord0064', '100063', '1023', '3/23/2016' );
INSERT INTO orderData( orderDetails,orderId,orderAmount,supplier,orderDate)  values(  'null', 'Ord0065', '100064', '1024', '3/24/2016' );
INSERT INTO orderData( orderDetails,orderId,orderAmount,supplier,orderDate)  values(  'null', 'Ord0066', '100065', '1025', '3/25/2016' );
INSERT INTO orderData( orderDetails,orderId,orderAmount,supplier,orderDate)  values(  'null', 'Ord0067', '100066', '1026', '3/26/2016' );
INSERT INTO orderData( orderDetails,orderId,orderAmount,supplier,orderDate)  values(  'null', 'Ord0068', '100067', '1027', '3/27/2016' );
INSERT INTO orderData( orderDetails,orderId,orderAmount,supplier,orderDate)  values(  'null', 'Ord0069', '100068', '1011', '3/28/2016' );
INSERT INTO orderData( orderDetails,orderId,orderAmount,supplier,orderDate)  values(  'null', 'Ord0070', '100069', '1012', '3/29/2016' );
INSERT INTO orderData( orderDetails,orderId,orderAmount,supplier,orderDate)  values(  'null', 'Ord0071', '100070', '1013', '3/30/2016' );
INSERT INTO orderData( orderDetails,orderId,orderAmount,supplier,orderDate)  values(  'null', 'Ord0072', '100071', '1014', '3/31/2016' );
INSERT INTO orderData( orderDetails,orderId,orderAmount,supplier,orderDate)  values(  'null', 'Ord0073', '100072', '1015', '4/1/2016' );
INSERT INTO orderData( orderDetails,orderId,orderAmount,supplier,orderDate)  values(  'null', 'Ord0074', '100073', '1016', '4/2/2016' );
INSERT INTO orderData( orderDetails,orderId,orderAmount,supplier,orderDate)  values(  'null', 'Ord0075', '100074', '1017', '4/3/2016' );
INSERT INTO orderData( orderDetails,orderId,orderAmount,supplier,orderDate)  values(  'null', 'Ord0076', '100075', '1018', '4/4/2016' );
INSERT INTO orderData( orderDetails,orderId,orderAmount,supplier,orderDate)  values(  'null', 'Ord0077', '100076', '1019', '4/5/2016' );
INSERT INTO orderData( orderDetails,orderId,orderAmount,supplier,orderDate)  values(  'null', 'Ord0078', '100077', '1020', '4/6/2016' );
INSERT INTO orderData( orderDetails,orderId,orderAmount,supplier,orderDate)  values(  'null', 'Ord0079', '100078', '1021', '4/7/2016' );
INSERT INTO orderData( orderDetails,orderId,orderAmount,supplier,orderDate)  values(  'null', 'Ord0080', '100079', '1022', '4/8/2016' );
INSERT INTO orderData( orderDetails,orderId,orderAmount,supplier,orderDate)  values(  'null', 'Ord0081', '100080', '1023', '4/9/2016' );
INSERT INTO orderData( orderDetails,orderId,orderAmount,supplier,orderDate)  values(  'null', 'Ord0082', '100081', '1024', '4/10/2016' );
INSERT INTO orderData( orderDetails,orderId,orderAmount,supplier,orderDate)  values(  'null', 'Ord0083', '100082', '1025', '4/11/2016' );
INSERT INTO orderData( orderDetails,orderId,orderAmount,supplier,orderDate)  values(  'null', 'Ord0084', '100083', '1026', '4/12/2016' );
INSERT INTO orderData( orderDetails,orderId,orderAmount,supplier,orderDate)  values(  'null', 'Ord0085', '100084', '1027', '4/13/2016' );
INSERT INTO orderData( orderDetails,orderId,orderAmount,supplier,orderDate)  values(  'null', 'Ord0086', '100085', '1011', '4/14/2016' );
INSERT INTO orderData( orderDetails,orderId,orderAmount,supplier,orderDate)  values(  'null', 'Ord0087', '100086', '1012', '4/15/2016' );
INSERT INTO orderData( orderDetails,orderId,orderAmount,supplier,orderDate)  values(  'null', 'Ord0088', '100087', '1013', '4/16/2016' );
INSERT INTO orderData( orderDetails,orderId,orderAmount,supplier,orderDate)  values(  'null', 'Ord0089', '100088', '1014', '4/17/2016' );
INSERT INTO orderData( orderDetails,orderId,orderAmount,supplier,orderDate)  values(  'null', 'Ord0090', '100089', '1015', '4/18/2016' );
INSERT INTO orderData( orderDetails,orderId,orderAmount,supplier,orderDate)  values(  'null', 'Ord0091', '100090', '1016', '4/19/2016' );
INSERT INTO orderData( orderDetails,orderId,orderAmount,supplier,orderDate)  values(  'null', 'Ord0092', '100091', '1017', '4/20/2016' );
INSERT INTO orderData( orderDetails,orderId,orderAmount,supplier,orderDate)  values(  'null', 'Ord0093', '100092', '1018', '4/21/2016' );
INSERT INTO orderData( orderDetails,orderId,orderAmount,supplier,orderDate)  values(  'null', 'Ord0094', '100093', '1019', '4/22/2016' );
INSERT INTO orderData( orderDetails,orderId,orderAmount,supplier,orderDate)  values(  'null', 'Ord0095', '100094', '1020', '4/23/2016' );
INSERT INTO orderData( orderDetails,orderId,orderAmount,supplier,orderDate)  values(  'null', 'Ord0096', '100095', '1021', '4/24/2016' );
INSERT INTO orderData( orderDetails,orderId,orderAmount,supplier,orderDate)  values(  'null', 'Ord0097', '100096', '1022', '4/25/2016' );
INSERT INTO orderData( orderDetails,orderId,orderAmount,supplier,orderDate)  values(  'null', 'Ord0098', '100097', '1023', '4/26/2016' );
INSERT INTO orderData( orderDetails,orderId,orderAmount,supplier,orderDate)  values(  'null', 'Ord0099', '100098', '1024', '4/27/2016' );
INSERT INTO orderData( orderDetails,orderId,orderAmount,supplier,orderDate)  values(  'null', 'Ord0100', '100099', '1025', '4/28/2016' );
INSERT INTO orderData( orderDetails,orderId,orderAmount,supplier,orderDate)  values(  'null', 'Ord0101', '100100', '1026', '4/29/2016' );
INSERT INTO orderData( orderDetails,orderId,orderAmount,supplier,orderDate)  values(  'null', 'Ord0102', '100101', '1027', '4/30/2016' );
INSERT INTO orderData( orderDetails,orderId,orderAmount,supplier,orderDate)  values(  'null', 'Ord0103', '100102', '1011', '5/1/2016' );
INSERT INTO orderData( orderDetails,orderId,orderAmount,supplier,orderDate)  values(  'null', 'Ord0104', '100103', '1012', '5/2/2016' );
INSERT INTO orderData( orderDetails,orderId,orderAmount,supplier,orderDate)  values(  'null', 'Ord0105', '100104', '1013', '5/3/2016' );
INSERT INTO orderData( orderDetails,orderId,orderAmount,supplier,orderDate)  values(  'null', 'Ord0106', '100105', '1014', '5/4/2016' );
INSERT INTO orderData( orderDetails,orderId,orderAmount,supplier,orderDate)  values(  'null', 'Ord0107', '100106', '1015', '5/5/2016' );
INSERT INTO orderData( orderDetails,orderId,orderAmount,supplier,orderDate)  values(  'null', 'Ord0108', '100107', '1016', '5/6/2016' );
INSERT INTO orderData( orderDetails,orderId,orderAmount,supplier,orderDate)  values(  'null', 'Ord0109', '100108', '1017', '5/7/2016' );
INSERT INTO orderData( orderDetails,orderId,orderAmount,supplier,orderDate)  values(  'null', 'Ord0110', '100109', '1018', '5/8/2016' );
INSERT INTO orderData( orderDetails,orderId,orderAmount,supplier,orderDate)  values(  'null', 'Ord0111', '100110', '1019', '5/9/2016' );
INSERT INTO orderData( orderDetails,orderId,orderAmount,supplier,orderDate)  values(  'null', 'Ord0112', '100111', '1020', '5/10/2016' );
INSERT INTO orderData( orderDetails,orderId,orderAmount,supplier,orderDate)  values(  'null', 'Ord0113', '100112', '1021', '5/11/2016' );
INSERT INTO orderData( orderDetails,orderId,orderAmount,supplier,orderDate)  values(  'null', 'Ord0114', '100113', '1022', '5/12/2016' );
INSERT INTO orderData( orderDetails,orderId,orderAmount,supplier,orderDate)  values(  'null', 'Ord0115', '100114', '1023', '5/13/2016' );
INSERT INTO orderData( orderDetails,orderId,orderAmount,supplier,orderDate)  values(  'null', 'Ord0116', '100115', '1024', '5/14/2016' );
INSERT INTO orderData( orderDetails,orderId,orderAmount,supplier,orderDate)  values(  'null', 'Ord0117', '100116', '1025', '5/15/2016' );
INSERT INTO orderData( orderDetails,orderId,orderAmount,supplier,orderDate)  values(  'null', 'Ord0118', '100117', '1026', '5/16/2016' );
INSERT INTO orderData( orderDetails,orderId,orderAmount,supplier,orderDate)  values(  'null', 'Ord0119', '100118', '1027', '5/17/2016' );
INSERT INTO orderData( orderDetails,orderId,orderAmount,supplier,orderDate)  values(  'null', 'Ord0120', '100119', '1011', '5/18/2016' );
INSERT INTO orderData( orderDetails,orderId,orderAmount,supplier,orderDate)  values(  'null', 'Ord0121', '100120', '1012', '5/19/2016' );
INSERT INTO orderData( orderDetails,orderId,orderAmount,supplier,orderDate)  values(  'null', 'Ord0122', '100121', '1013', '5/20/2016' );
INSERT INTO orderData( orderDetails,orderId,orderAmount,supplier,orderDate)  values(  'null', 'Ord0123', '100122', '1014', '5/21/2016' );
INSERT INTO orderData( orderDetails,orderId,orderAmount,supplier,orderDate)  values(  'null', 'Ord0124', '100123', '1015', '5/22/2016' );
INSERT INTO orderData( orderDetails,orderId,orderAmount,supplier,orderDate)  values(  'null', 'Ord0125', '100124', '1016', '5/23/2016' );
INSERT INTO orderData( orderDetails,orderId,orderAmount,supplier,orderDate)  values(  'null', 'Ord0126', '100125', '1017', '5/24/2016' );
INSERT INTO orderData( orderDetails,orderId,orderAmount,supplier,orderDate)  values(  'null', 'Ord0127', '100126', '1018', '5/25/2016' );
INSERT INTO orderData( orderDetails,orderId,orderAmount,supplier,orderDate)  values(  'null', 'Ord0128', '100127', '1019', '5/26/2016' );
INSERT INTO orderData( orderDetails,orderId,orderAmount,supplier,orderDate)  values(  'null', 'Ord0129', '100128', '1020', '5/27/2016' );
INSERT INTO orderData( orderDetails,orderId,orderAmount,supplier,orderDate)  values(  'null', 'Ord0130', '100129', '1021', '5/28/2016' );
INSERT INTO orderData( orderDetails,orderId,orderAmount,supplier,orderDate)  values(  'null', 'Ord0131', '100130', '1022', '5/29/2016' );
INSERT INTO orderData( orderDetails,orderId,orderAmount,supplier,orderDate)  values(  'null', 'Ord0132', '100131', '1023', '5/30/2016' );
INSERT INTO orderData( orderDetails,orderId,orderAmount,supplier,orderDate)  values(  'null', 'Ord0133', '100132', '1024', '5/31/2016' );
INSERT INTO orderData( orderDetails,orderId,orderAmount,supplier,orderDate)  values(  'null', 'Ord0134', '100133', '1025', '6/1/2016' );
INSERT INTO orderData( orderDetails,orderId,orderAmount,supplier,orderDate)  values(  'null', 'Ord0135', '100134', '1026', '6/2/2016' );
INSERT INTO orderData( orderDetails,orderId,orderAmount,supplier,orderDate)  values(  'null', 'Ord0136', '100135', '1027', '6/3/2016' );
INSERT INTO orderData( orderDetails,orderId,orderAmount,supplier,orderDate)  values(  'null', 'Ord0137', '100136', '1011', '6/4/2016' );
INSERT INTO orderData( orderDetails,orderId,orderAmount,supplier,orderDate)  values(  'null', 'Ord0138', '100137', '1012', '6/5/2016' );
INSERT INTO orderData( orderDetails,orderId,orderAmount,supplier,orderDate)  values(  'null', 'Ord0139', '100138', '1013', '6/6/2016' );
INSERT INTO orderData( orderDetails,orderId,orderAmount,supplier,orderDate)  values(  'null', 'Ord0140', '100139', '1014', '6/7/2016' );
INSERT INTO orderData( orderDetails,orderId,orderAmount,supplier,orderDate)  values(  'null', 'Ord0141', '100140', '1015', '6/8/2016' );
INSERT INTO orderData( orderDetails,orderId,orderAmount,supplier,orderDate)  values(  'null', 'Ord0142', '100141', '1016', '6/9/2016' );
INSERT INTO orderData( orderDetails,orderId,orderAmount,supplier,orderDate)  values(  'null', 'Ord0143', '100142', '1017', '6/10/2016' );
INSERT INTO orderData( orderDetails,orderId,orderAmount,supplier,orderDate)  values(  'null', 'Ord0144', '100143', '1018', '6/11/2016' );
INSERT INTO orderData( orderDetails,orderId,orderAmount,supplier,orderDate)  values(  'null', 'Ord0145', '100144', '1019', '6/12/2016' );
INSERT INTO orderData( orderDetails,orderId,orderAmount,supplier,orderDate)  values(  'null', 'Ord0146', '100145', '1020', '6/13/2016' );
INSERT INTO orderData( orderDetails,orderId,orderAmount,supplier,orderDate)  values(  'null', 'Ord0147', '100146', '1021', '6/14/2016' );
INSERT INTO orderData( orderDetails,orderId,orderAmount,supplier,orderDate)  values(  'null', 'Ord0148', '100147', '1022', '6/15/2016' );
INSERT INTO orderData( orderDetails,orderId,orderAmount,supplier,orderDate)  values(  'null', 'Ord0149', '100148', '1023', '6/16/2016' );
INSERT INTO orderData( orderDetails,orderId,orderAmount,supplier,orderDate)  values(  'null', 'Ord0150', '100149', '1024', '6/17/2016' );
INSERT INTO orderData( orderDetails,orderId,orderAmount,supplier,orderDate)  values(  'null', 'Ord0151', '100150', '1025', '6/18/2016' );
INSERT INTO orderData( orderDetails,orderId,orderAmount,supplier,orderDate)  values(  'null', 'Ord0152', '100151', '1026', '6/19/2016' );
INSERT INTO orderData( orderDetails,orderId,orderAmount,supplier,orderDate)  values(  'null', 'Ord0153', '100152', '1027', '6/20/2016' );
INSERT INTO orderData( orderDetails,orderId,orderAmount,supplier,orderDate)  values(  'null', 'Ord0154', '100153', '1011', '6/21/2016' );
INSERT INTO orderData( orderDetails,orderId,orderAmount,supplier,orderDate)  values(  'null', 'Ord0155', '100154', '1012', '6/22/2016' );
INSERT INTO orderData( orderDetails,orderId,orderAmount,supplier,orderDate)  values(  'null', 'Ord0156', '100155', '1013', '6/23/2016' );
INSERT INTO orderData( orderDetails,orderId,orderAmount,supplier,orderDate)  values(  'null', 'Ord0157', '100156', '1014', '6/24/2016' );
INSERT INTO orderData( orderDetails,orderId,orderAmount,supplier,orderDate)  values(  'null', 'Ord0158', '100157', '1015', '6/25/2016' );
INSERT INTO orderData( orderDetails,orderId,orderAmount,supplier,orderDate)  values(  'null', 'Ord0159', '100158', '1016', '6/26/2016' );
INSERT INTO orderData( orderDetails,orderId,orderAmount,supplier,orderDate)  values(  'null', 'Ord0160', '100159', '1017', '6/27/2016' );
INSERT INTO orderData( orderDetails,orderId,orderAmount,supplier,orderDate)  values(  'null', 'Ord0161', '100160', '1018', '6/28/2016' );
INSERT INTO orderData( orderDetails,orderId,orderAmount,supplier,orderDate)  values(  'null', 'Ord0162', '100161', '1019', '6/29/2016' );
INSERT INTO orderData( orderDetails,orderId,orderAmount,supplier,orderDate)  values(  'null', 'Ord0163', '100162', '1020', '6/30/2016' );
INSERT INTO orderData( orderDetails,orderId,orderAmount,supplier,orderDate)  values(  'null', 'Ord0164', '100163', '1021', '7/1/2016' );
INSERT INTO orderData( orderDetails,orderId,orderAmount,supplier,orderDate)  values(  'null', 'Ord0165', '100164', '1022', '7/2/2016' );
INSERT INTO orderData( orderDetails,orderId,orderAmount,supplier,orderDate)  values(  'null', 'Ord0166', '100165', '1023', '7/3/2016' );
INSERT INTO orderData( orderDetails,orderId,orderAmount,supplier,orderDate)  values(  'null', 'Ord0167', '100166', '1024', '7/4/2016' );
INSERT INTO orderData( orderDetails,orderId,orderAmount,supplier,orderDate)  values(  'null', 'Ord0168', '100167', '1025', '7/5/2016' );
INSERT INTO orderData( orderDetails,orderId,orderAmount,supplier,orderDate)  values(  'null', 'Ord0169', '100168', '1026', '7/6/2016' );
INSERT INTO orderData( orderDetails,orderId,orderAmount,supplier,orderDate)  values(  'null', 'Ord0170', '100169', '1027', '7/7/2016' );
INSERT INTO orderData( orderDetails,orderId,orderAmount,supplier,orderDate)  values(  'null', 'Ord0171', '100170', '1011', '7/8/2016' );
INSERT INTO orderData( orderDetails,orderId,orderAmount,supplier,orderDate)  values(  'null', 'Ord0172', '100171', '1012', '7/9/2016' );
INSERT INTO orderData( orderDetails,orderId,orderAmount,supplier,orderDate)  values(  'null', 'Ord0173', '100172', '1013', '7/10/2016' );
INSERT INTO orderData( orderDetails,orderId,orderAmount,supplier,orderDate)  values(  'null', 'Ord0174', '100173', '1014', '7/11/2016' );
INSERT INTO orderData( orderDetails,orderId,orderAmount,supplier,orderDate)  values(  'null', 'Ord0175', '100174', '1015', '7/12/2016' );
INSERT INTO orderData( orderDetails,orderId,orderAmount,supplier,orderDate)  values(  'null', 'Ord0176', '100175', '1016', '7/13/2016' );
INSERT INTO orderData( orderDetails,orderId,orderAmount,supplier,orderDate)  values(  'null', 'Ord0177', '100176', '1017', '7/14/2016' );
INSERT INTO orderData( orderDetails,orderId,orderAmount,supplier,orderDate)  values(  'null', 'Ord0178', '100177', '1018', '7/15/2016' );
INSERT INTO orderData( orderDetails,orderId,orderAmount,supplier,orderDate)  values(  'null', 'Ord0179', '100178', '1019', '7/16/2016' );
INSERT INTO orderData( orderDetails,orderId,orderAmount,supplier,orderDate)  values(  'null', 'Ord0180', '100179', '1020', '7/17/2016' );
INSERT INTO orderData( orderDetails,orderId,orderAmount,supplier,orderDate)  values(  'null', 'Ord0181', '100180', '1021', '7/18/2016' );
INSERT INTO orderData( orderDetails,orderId,orderAmount,supplier,orderDate)  values(  'null', 'Ord0182', '100181', '1022', '7/19/2016' );
INSERT INTO orderData( orderDetails,orderId,orderAmount,supplier,orderDate)  values(  'null', 'Ord0183', '100182', '1023', '7/20/2016' );
INSERT INTO orderData( orderDetails,orderId,orderAmount,supplier,orderDate)  values(  'null', 'Ord0184', '100183', '1024', '7/21/2016' );
INSERT INTO orderData( orderDetails,orderId,orderAmount,supplier,orderDate)  values(  'null', 'Ord0185', '100184', '1025', '7/22/2016' );
INSERT INTO orderData( orderDetails,orderId,orderAmount,supplier,orderDate)  values(  'null', 'Ord0186', '100185', '1026', '7/23/2016' );
INSERT INTO orderData( orderDetails,orderId,orderAmount,supplier,orderDate)  values(  'null', 'Ord0187', '100186', '1027', '7/24/2016' );
INSERT INTO orderData( orderDetails,orderId,orderAmount,supplier,orderDate)  values(  'null', 'Ord0188', '100187', '1011', '7/25/2016' );
INSERT INTO orderData( orderDetails,orderId,orderAmount,supplier,orderDate)  values(  'null', 'Ord0189', '100188', '1012', '7/26/2016' );
INSERT INTO orderData( orderDetails,orderId,orderAmount,supplier,orderDate)  values(  'null', 'Ord0190', '100189', '1013', '7/27/2016' );
INSERT INTO orderData( orderDetails,orderId,orderAmount,supplier,orderDate)  values(  'null', 'Ord0191', '100190', '1014', '7/28/2016' );
INSERT INTO orderData( orderDetails,orderId,orderAmount,supplier,orderDate)  values(  'null', 'Ord0192', '100191', '1015', '7/29/2016' );
INSERT INTO orderData( orderDetails,orderId,orderAmount,supplier,orderDate)  values(  'null', 'Ord0193', '100192', '1016', '7/30/2016' );
INSERT INTO orderData( orderDetails,orderId,orderAmount,supplier,orderDate)  values(  'null', 'Ord0194', '100193', '1017', '7/31/2016' );
INSERT INTO orderData( orderDetails,orderId,orderAmount,supplier,orderDate)  values(  'null', 'Ord0195', '100194', '1018', '8/1/2016' );
INSERT INTO orderData( orderDetails,orderId,orderAmount,supplier,orderDate)  values(  'null', 'Ord0196', '100195', '1019', '8/2/2016' );
INSERT INTO orderData( orderDetails,orderId,orderAmount,supplier,orderDate)  values(  'null', 'Ord0197', '100196', '1020', '8/3/2016' );
INSERT INTO orderData( orderDetails,orderId,orderAmount,supplier,orderDate)  values(  'null', 'Ord0198', '100197', '1021', '8/4/2016' );
INSERT INTO orderData( orderDetails,orderId,orderAmount,supplier,orderDate)  values(  'null', 'Ord0199', '100198', '1022', '8/5/2016' );
INSERT INTO orderData( orderDetails,orderId,orderAmount,supplier,orderDate)  values(  'null', 'Ord0200', '100199', '1023', '8/6/2016' );
INSERT INTO Status(statusId,invoiceStatus,statusFromDate,statusToDate,invoiceHold)values(nextval( 'hibernate_sequence'),'INV1001',	'Closed',	'1/28/2016',	'1/28/2016','');	
Status(statusId,invoiceStatus,statusFromDate,statusToDate,invoiceHold)values(nextval( 'hibernate_sequence'),'INV1002',	'Closed',	'1/29/2016',	'1/29/2016','');
Status(statusId,invoiceStatus,statusFromDate,statusToDate,invoiceHold)values(nextval( 'hibernate_sequence'),'INV1003',	'Closed',	'1/30/2016',	'1/30/2016','');	
Status(statusId,invoiceStatus,statusFromDate,statusToDate,invoiceHold)values(nextval( 'hibernate_sequence'),'INV1004',	'Closed',	'1/31/2016',	'1/31/2016','');	
Status(statusId,invoiceStatus,statusFromDate,statusToDate,invoiceHold)values(nextval( 'hibernate_sequence'),'INV1005',	'Closed',	'2/1/2016',	'2/1/2016','');	
Status(statusId,invoiceStatus,statusFromDate,statusToDate,invoiceHold)values(nextval( 'hibernate_sequence'),'INV1006',	'Hold',	'2/2/2016',	'2/2/2016',	'HL11001');
Status(statusId,invoiceStatus,statusFromDate,statusToDate,invoiceHold)values(nextval( 'hibernate_sequence'),'INV1023',	'Hold',	'2/3/2016',	'2/3/2016',	'HL11002');
Status(statusId,invoiceStatus,statusFromDate,statusToDate,invoiceHold)values(nextval( 'hibernate_sequence'),'INV1037',	'Hold',	'2/4/2016',	'2/4/2016',	'HL11003');
Status(statusId,invoiceStatus,statusFromDate,statusToDate,invoiceHold)values(nextval( 'hibernate_sequence'),'INV1057',	'Hold',	'2/5/2016',	'2/5/2016',	'HL11004');
Status(statusId,invoiceStatus,statusFromDate,statusToDate,invoiceHold)values(nextval( 'hibernate_sequence'),'INV1082',	'In Progress',	'2/6/2016',	'2/6/2016','');	
Status(statusId,invoiceStatus,statusFromDate,statusToDate,invoiceHold)values(nextval( 'hibernate_sequence'),'INV1099',	'In Progress',	'2/7/2016',	'2/7/2016');	
Status(statusId,invoiceStatus,statusFromDate,statusToDate,invoiceHold)values(nextval( 'hibernate_sequence'),'INV1116',	'In Progress',	'2/8/2016',	'2/8/2016','');	
Status(statusId,invoiceStatus,statusFromDate,statusToDate,invoiceHold)values(nextval( 'hibernate_sequence'),'INV1133',	'In Progress',	'2/9/2016',	'2/9/2016','');	
Status(statusId,invoiceStatus,statusFromDate,statusToDate,invoiceHold)values(nextval( 'hibernate_sequence'),'INV1150',	'In Progress',	'2/10/2016',	'2/10/2016','');	
Status(statusId,invoiceStatus,statusFromDate,statusToDate,invoiceHold)values(nextval( 'hibernate_sequence'),'INV1167',	'Closed',	'2/11/2016',	'2/11/2016','');	
Status(statusId,invoiceStatus,statusFromDate,statusToDate,invoiceHold)values(nextval( 'hibernate_sequence'),'INV1184',	'Closed',	'2/12/2016',	'2/12/2016','');	
Status(statusId,invoiceStatus,statusFromDate,statusToDate,invoiceHold)values(nextval( 'hibernate_sequence'),'INV1201',	'Closed',	'2/13/2016',	'2/13/2016','');
INSERT INTO PO( poNumber,orderData,poIssueDate)  values(  'PO1001', 'Ord0001', '1/10/2016' );
INSERT INTO PO( poNumber,orderData,poIssueDate)  values(  'PO1002', 'Ord0002', '1/11/2016' );
INSERT INTO PO( poNumber,orderData,poIssueDate)  values(  'PO1003', 'Ord0003', '1/12/2016' );
INSERT INTO PO( poNumber,orderData,poIssueDate)  values(  'PO1004', 'Ord0004', '1/13/2016' );
INSERT INTO PO( poNumber,orderData,poIssueDate)  values(  'PO1005', 'Ord0005', '1/14/2016' );
INSERT INTO PO( poNumber,orderData,poIssueDate)  values(  'PO1006', 'Ord0006', '1/15/2016' );
INSERT INTO PO( poNumber,orderData,poIssueDate)  values(  'PO1007', 'Ord0007', '1/16/2016' );
INSERT INTO PO( poNumber,orderData,poIssueDate)  values(  'PO1008', 'Ord0008', '1/17/2016' );
INSERT INTO PO( poNumber,orderData,poIssueDate)  values(  'PO1009', 'Ord0009', '1/18/2016' );
INSERT INTO PO( poNumber,orderData,poIssueDate)  values(  'PO1010', 'Ord0010', '1/19/2016' );
INSERT INTO PO( poNumber,orderData,poIssueDate)  values(  'PO1011', 'Ord0011', '1/20/2016' );
INSERT INTO PO( poNumber,orderData,poIssueDate)  values(  'PO1012', 'Ord0012', '1/21/2016' );
INSERT INTO PO( poNumber,orderData,poIssueDate)  values(  'PO1013', 'Ord0013', '1/22/2016' );
INSERT INTO PO( poNumber,orderData,poIssueDate)  values(  'PO1014', 'Ord0014', '1/23/2016' );
INSERT INTO PO( poNumber,orderData,poIssueDate)  values(  'PO1015', 'Ord0015', '1/24/2016' );
INSERT INTO PO( poNumber,orderData,poIssueDate)  values(  'PO1016', 'Ord0016', '1/25/2016' );
INSERT INTO PO( poNumber,orderData,poIssueDate)  values(  'PO1017', 'Ord0017', '1/26/2016' );
INSERT INTO PO( poNumber,orderData,poIssueDate)  values(  'PO1018', 'Ord0018', '1/27/2016' );
INSERT INTO PO( poNumber,orderData,poIssueDate)  values(  'PO1019', 'Ord0019', '1/28/2016' );
INSERT INTO PO( poNumber,orderData,poIssueDate)  values(  'PO1020', 'Ord0020', '1/29/2016' );
INSERT INTO PO( poNumber,orderData,poIssueDate)  values(  'PO1021', 'Ord0021', '1/30/2016' );
INSERT INTO PO( poNumber,orderData,poIssueDate)  values(  'PO1022', 'Ord0022', '1/31/2016' );
INSERT INTO PO( poNumber,orderData,poIssueDate)  values(  'PO1023', 'Ord0023', '2/1/2016' );
INSERT INTO PO( poNumber,orderData,poIssueDate)  values(  'PO1024', 'Ord0024', '2/2/2016' );
INSERT INTO PO( poNumber,orderData,poIssueDate)  values(  'PO1025', 'Ord0025', '2/3/2016' );
INSERT INTO PO( poNumber,orderData,poIssueDate)  values(  'PO1026', 'Ord0026', '2/4/2016' );
INSERT INTO PO( poNumber,orderData,poIssueDate)  values(  'PO1027', 'Ord0027', '2/5/2016' );
INSERT INTO PO( poNumber,orderData,poIssueDate)  values(  'PO1028', 'Ord0028', '2/6/2016' );
INSERT INTO PO( poNumber,orderData,poIssueDate)  values(  'PO1029', 'Ord0029', '2/7/2016' );
INSERT INTO PO( poNumber,orderData,poIssueDate)  values(  'PO1030', 'Ord0030', '2/8/2016' );
INSERT INTO PO( poNumber,orderData,poIssueDate)  values(  'PO1031', 'Ord0031', '2/9/2016' );
INSERT INTO PO( poNumber,orderData,poIssueDate)  values(  'PO1032', 'Ord0032', '2/10/2016' );
INSERT INTO PO( poNumber,orderData,poIssueDate)  values(  'PO1033', 'Ord0033', '2/11/2016' );
INSERT INTO PO( poNumber,orderData,poIssueDate)  values(  'PO1034', 'Ord0034', '2/12/2016' );
INSERT INTO PO( poNumber,orderData,poIssueDate)  values(  'PO1035', 'Ord0035', '2/13/2016' );
INSERT INTO PO( poNumber,orderData,poIssueDate)  values(  'PO1036', 'Ord0036', '2/14/2016' );
INSERT INTO PO( poNumber,orderData,poIssueDate)  values(  'PO1037', 'Ord0037', '2/15/2016' );
INSERT INTO PO( poNumber,orderData,poIssueDate)  values(  'PO1038', 'Ord0038', '2/16/2016' );
INSERT INTO PO( poNumber,orderData,poIssueDate)  values(  'PO1039', 'Ord0039', '2/17/2016' );
INSERT INTO PO( poNumber,orderData,poIssueDate)  values(  'PO1040', 'Ord0040', '2/18/2016' );
INSERT INTO PO( poNumber,orderData,poIssueDate)  values(  'PO1041', 'Ord0041', '2/19/2016' );
INSERT INTO PO( poNumber,orderData,poIssueDate)  values(  'PO1042', 'Ord0042', '2/20/2016' );
INSERT INTO PO( poNumber,orderData,poIssueDate)  values(  'PO1043', 'Ord0043', '2/21/2016' );
INSERT INTO PO( poNumber,orderData,poIssueDate)  values(  'PO1044', 'Ord0044', '2/22/2016' );
INSERT INTO PO( poNumber,orderData,poIssueDate)  values(  'PO1045', 'Ord0045', '2/23/2016' );
INSERT INTO PO( poNumber,orderData,poIssueDate)  values(  'PO1046', 'Ord0046', '2/24/2016' );
INSERT INTO PO( poNumber,orderData,poIssueDate)  values(  'PO1047', 'Ord0047', '2/25/2016' );
INSERT INTO PO( poNumber,orderData,poIssueDate)  values(  'PO1048', 'Ord0048', '2/26/2016' );
INSERT INTO PO( poNumber,orderData,poIssueDate)  values(  'PO1049', 'Ord0049', '2/27/2016' );
INSERT INTO PO( poNumber,orderData,poIssueDate)  values(  'PO1050', 'Ord0050', '2/28/2016' );
INSERT INTO PO( poNumber,orderData,poIssueDate)  values(  'PO1051', 'Ord0051', '2/29/2016' );
INSERT INTO PO( poNumber,orderData,poIssueDate)  values(  'PO1052', 'Ord0052', '3/1/2016' );
INSERT INTO PO( poNumber,orderData,poIssueDate)  values(  'PO1053', 'Ord0053', '3/2/2016' );
INSERT INTO PO( poNumber,orderData,poIssueDate)  values(  'PO1054', 'Ord0054', '3/3/2016' );
INSERT INTO PO( poNumber,orderData,poIssueDate)  values(  'PO1055', 'Ord0055', '3/4/2016' );
INSERT INTO PO( poNumber,orderData,poIssueDate)  values(  'PO1056', 'Ord0056', '3/5/2016' );
INSERT INTO PO( poNumber,orderData,poIssueDate)  values(  'PO1057', 'Ord0057', '3/6/2016' );
INSERT INTO PO( poNumber,orderData,poIssueDate)  values(  'PO1058', 'Ord0058', '3/7/2016' );
INSERT INTO PO( poNumber,orderData,poIssueDate)  values(  'PO1059', 'Ord0059', '3/8/2016' );
INSERT INTO PO( poNumber,orderData,poIssueDate)  values(  'PO1060', 'Ord0060', '3/9/2016' );
INSERT INTO PO( poNumber,orderData,poIssueDate)  values(  'PO1061', 'Ord0061', '3/10/2016' );
INSERT INTO PO( poNumber,orderData,poIssueDate)  values(  'PO1062', 'Ord0062', '3/11/2016' );
INSERT INTO PO( poNumber,orderData,poIssueDate)  values(  'PO1063', 'Ord0063', '3/12/2016' );
INSERT INTO PO( poNumber,orderData,poIssueDate)  values(  'PO1064', 'Ord0064', '3/13/2016' );
INSERT INTO PO( poNumber,orderData,poIssueDate)  values(  'PO1065', 'Ord0065', '3/14/2016' );
INSERT INTO PO( poNumber,orderData,poIssueDate)  values(  'PO1066', 'Ord0066', '3/15/2016' );
INSERT INTO PO( poNumber,orderData,poIssueDate)  values(  'PO1067', 'Ord0067', '3/16/2016' );
INSERT INTO PO( poNumber,orderData,poIssueDate)  values(  'PO1068', 'Ord0068', '3/17/2016' );
INSERT INTO PO( poNumber,orderData,poIssueDate)  values(  'PO1069', 'Ord0069', '3/18/2016' );
INSERT INTO PO( poNumber,orderData,poIssueDate)  values(  'PO1070', 'Ord0070', '3/19/2016' );
INSERT INTO PO( poNumber,orderData,poIssueDate)  values(  'PO1071', 'Ord0071', '3/20/2016' );
INSERT INTO PO( poNumber,orderData,poIssueDate)  values(  'PO1072', 'Ord0072', '3/21/2016' );
INSERT INTO PO( poNumber,orderData,poIssueDate)  values(  'PO1073', 'Ord0073', '3/22/2016' );
INSERT INTO PO( poNumber,orderData,poIssueDate)  values(  'PO1074', 'Ord0074', '3/23/2016' );
INSERT INTO PO( poNumber,orderData,poIssueDate)  values(  'PO1075', 'Ord0075', '3/24/2016' );
INSERT INTO PO( poNumber,orderData,poIssueDate)  values(  'PO1076', 'Ord0076', '3/25/2016' );
INSERT INTO PO( poNumber,orderData,poIssueDate)  values(  'PO1077', 'Ord0077', '3/26/2016' );
INSERT INTO PO( poNumber,orderData,poIssueDate)  values(  'PO1078', 'Ord0078', '3/27/2016' );
INSERT INTO PO( poNumber,orderData,poIssueDate)  values(  'PO1079', 'Ord0079', '3/28/2016' );
INSERT INTO PO( poNumber,orderData,poIssueDate)  values(  'PO1080', 'Ord0080', '3/29/2016' );
INSERT INTO PO( poNumber,orderData,poIssueDate)  values(  'PO1081', 'Ord0081', '3/30/2016' );
INSERT INTO PO( poNumber,orderData,poIssueDate)  values(  'PO1082', 'Ord0082', '3/31/2016' );
INSERT INTO PO( poNumber,orderData,poIssueDate)  values(  'PO1083', 'Ord0083', '4/1/2016' );
INSERT INTO PO( poNumber,orderData,poIssueDate)  values(  'PO1084', 'Ord0084', '4/2/2016' );
INSERT INTO PO( poNumber,orderData,poIssueDate)  values(  'PO1085', 'Ord0085', '4/3/2016' );
INSERT INTO PO( poNumber,orderData,poIssueDate)  values(  'PO1086', 'Ord0086', '4/4/2016' );
INSERT INTO PO( poNumber,orderData,poIssueDate)  values(  'PO1087', 'Ord0087', '4/5/2016' );
INSERT INTO PO( poNumber,orderData,poIssueDate)  values(  'PO1088', 'Ord0088', '4/6/2016' );
INSERT INTO PO( poNumber,orderData,poIssueDate)  values(  'PO1089', 'Ord0089', '4/7/2016' );
INSERT INTO PO( poNumber,orderData,poIssueDate)  values(  'PO1090', 'Ord0090', '4/8/2016' );
INSERT INTO PO( poNumber,orderData,poIssueDate)  values(  'PO1091', 'Ord0091', '4/9/2016' );
INSERT INTO PO( poNumber,orderData,poIssueDate)  values(  'PO1092', 'Ord0092', '4/10/2016' );
INSERT INTO PO( poNumber,orderData,poIssueDate)  values(  'PO1093', 'Ord0093', '4/11/2016' );
INSERT INTO PO( poNumber,orderData,poIssueDate)  values(  'PO1094', 'Ord0094', '4/12/2016' );
INSERT INTO PO( poNumber,orderData,poIssueDate)  values(  'PO1095', 'Ord0095', '4/13/2016' );
INSERT INTO PO( poNumber,orderData,poIssueDate)  values(  'PO1096', 'Ord0096', '4/14/2016' );
INSERT INTO PO( poNumber,orderData,poIssueDate)  values(  'PO1097', 'Ord0097', '4/15/2016' );
INSERT INTO PO( poNumber,orderData,poIssueDate)  values(  'PO1098', 'Ord0098', '4/16/2016' );
INSERT INTO PO( poNumber,orderData,poIssueDate)  values(  'PO1099', 'Ord0099', '4/17/2016' );
INSERT INTO PO( poNumber,orderData,poIssueDate)  values(  'PO1100', 'Ord0100', '4/18/2016' );
INSERT INTO PO( poNumber,orderData,poIssueDate)  values(  'PO1101', 'Ord0101', '4/19/2016' );
INSERT INTO PO( poNumber,orderData,poIssueDate)  values(  'PO1102', 'Ord0102', '4/20/2016' );
INSERT INTO PO( poNumber,orderData,poIssueDate)  values(  'PO1103', 'Ord0103', '4/21/2016' );
INSERT INTO PO( poNumber,orderData,poIssueDate)  values(  'PO1104', 'Ord0104', '4/22/2016' );
INSERT INTO PO( poNumber,orderData,poIssueDate)  values(  'PO1105', 'Ord0105', '4/23/2016' );
INSERT INTO PO( poNumber,orderData,poIssueDate)  values(  'PO1106', 'Ord0106', '4/24/2016' );
INSERT INTO PO( poNumber,orderData,poIssueDate)  values(  'PO1107', 'Ord0107', '4/25/2016' );
INSERT INTO PO( poNumber,orderData,poIssueDate)  values(  'PO1108', 'Ord0108', '4/26/2016' );
INSERT INTO PO( poNumber,orderData,poIssueDate)  values(  'PO1109', 'Ord0109', '4/27/2016' );
INSERT INTO PO( poNumber,orderData,poIssueDate)  values(  'PO1110', 'Ord0110', '4/28/2016' );
INSERT INTO PO( poNumber,orderData,poIssueDate)  values(  'PO1111', 'Ord0111', '4/29/2016' );
INSERT INTO PO( poNumber,orderData,poIssueDate)  values(  'PO1112', 'Ord0112', '4/30/2016' );
INSERT INTO PO( poNumber,orderData,poIssueDate)  values(  'PO1113', 'Ord0113', '5/1/2016' );
INSERT INTO PO( poNumber,orderData,poIssueDate)  values(  'PO1114', 'Ord0114', '5/2/2016' );
INSERT INTO PO( poNumber,orderData,poIssueDate)  values(  'PO1115', 'Ord0115', '5/3/2016' );
INSERT INTO PO( poNumber,orderData,poIssueDate)  values(  'PO1116', 'Ord0116', '5/4/2016' );
INSERT INTO PO( poNumber,orderData,poIssueDate)  values(  'PO1117', 'Ord0117', '5/5/2016' );
INSERT INTO PO( poNumber,orderData,poIssueDate)  values(  'PO1118', 'Ord0118', '5/6/2016' );
INSERT INTO PO( poNumber,orderData,poIssueDate)  values(  'PO1119', 'Ord0119', '5/7/2016' );
INSERT INTO PO( poNumber,orderData,poIssueDate)  values(  'PO1120', 'Ord0120', '5/8/2016' );
INSERT INTO PO( poNumber,orderData,poIssueDate)  values(  'PO1121', 'Ord0121', '5/9/2016' );
INSERT INTO PO( poNumber,orderData,poIssueDate)  values(  'PO1122', 'Ord0122', '5/10/2016' );
INSERT INTO PO( poNumber,orderData,poIssueDate)  values(  'PO1123', 'Ord0123', '5/11/2016' );
INSERT INTO PO( poNumber,orderData,poIssueDate)  values(  'PO1124', 'Ord0124', '5/12/2016' );
INSERT INTO PO( poNumber,orderData,poIssueDate)  values(  'PO1125', 'Ord0125', '5/13/2016' );
INSERT INTO PO( poNumber,orderData,poIssueDate)  values(  'PO1126', 'Ord0126', '5/14/2016' );
INSERT INTO PO( poNumber,orderData,poIssueDate)  values(  'PO1127', 'Ord0127', '5/15/2016' );
INSERT INTO PO( poNumber,orderData,poIssueDate)  values(  'PO1128', 'Ord0128', '5/16/2016' );
INSERT INTO PO( poNumber,orderData,poIssueDate)  values(  'PO1129', 'Ord0129', '5/17/2016' );
INSERT INTO PO( poNumber,orderData,poIssueDate)  values(  'PO1130', 'Ord0130', '5/18/2016' );
INSERT INTO PO( poNumber,orderData,poIssueDate)  values(  'PO1131', 'Ord0131', '5/19/2016' );
INSERT INTO PO( poNumber,orderData,poIssueDate)  values(  'PO1132', 'Ord0132', '5/20/2016' );
INSERT INTO PO( poNumber,orderData,poIssueDate)  values(  'PO1133', 'Ord0133', '5/21/2016' );
INSERT INTO PO( poNumber,orderData,poIssueDate)  values(  'PO1134', 'Ord0134', '5/22/2016' );
INSERT INTO PO( poNumber,orderData,poIssueDate)  values(  'PO1135', 'Ord0135', '5/23/2016' );
INSERT INTO PO( poNumber,orderData,poIssueDate)  values(  'PO1136', 'Ord0136', '5/24/2016' );
INSERT INTO PO( poNumber,orderData,poIssueDate)  values(  'PO1137', 'Ord0137', '5/25/2016' );
INSERT INTO PO( poNumber,orderData,poIssueDate)  values(  'PO1138', 'Ord0138', '5/26/2016' );
INSERT INTO PO( poNumber,orderData,poIssueDate)  values(  'PO1139', 'Ord0139', '5/27/2016' );
INSERT INTO PO( poNumber,orderData,poIssueDate)  values(  'PO1140', 'Ord0140', '5/28/2016' );
INSERT INTO PO( poNumber,orderData,poIssueDate)  values(  'PO1141', 'Ord0141', '5/29/2016' );
INSERT INTO PO( poNumber,orderData,poIssueDate)  values(  'PO1142', 'Ord0142', '5/30/2016' );
INSERT INTO PO( poNumber,orderData,poIssueDate)  values(  'PO1143', 'Ord0143', '5/31/2016' );
INSERT INTO PO( poNumber,orderData,poIssueDate)  values(  'PO1144', 'Ord0144', '6/1/2016' );
INSERT INTO PO( poNumber,orderData,poIssueDate)  values(  'PO1145', 'Ord0145', '6/2/2016' );
INSERT INTO PO( poNumber,orderData,poIssueDate)  values(  'PO1146', 'Ord0146', '6/3/2016' );
INSERT INTO PO( poNumber,orderData,poIssueDate)  values(  'PO1147', 'Ord0147', '6/4/2016' );
INSERT INTO PO( poNumber,orderData,poIssueDate)  values(  'PO1148', 'Ord0148', '6/5/2016' );
INSERT INTO PO( poNumber,orderData,poIssueDate)  values(  'PO1149', 'Ord0149', '6/6/2016' );
INSERT INTO PO( poNumber,orderData,poIssueDate)  values(  'PO1150', 'Ord0150', '6/7/2016' );
INSERT INTO PO( poNumber,orderData,poIssueDate)  values(  'PO1151', 'Ord0151', '6/8/2016' );
INSERT INTO PO( poNumber,orderData,poIssueDate)  values(  'PO1152', 'Ord0152', '6/9/2016' );
INSERT INTO PO( poNumber,orderData,poIssueDate)  values(  'PO1153', 'Ord0153', '6/10/2016' );
INSERT INTO PO( poNumber,orderData,poIssueDate)  values(  'PO1154', 'Ord0154', '6/11/2016' );
INSERT INTO PO( poNumber,orderData,poIssueDate)  values(  'PO1155', 'Ord0155', '6/12/2016' );
INSERT INTO PO( poNumber,orderData,poIssueDate)  values(  'PO1156', 'Ord0156', '6/13/2016' );
INSERT INTO PO( poNumber,orderData,poIssueDate)  values(  'PO1157', 'Ord0157', '6/14/2016' );
INSERT INTO PO( poNumber,orderData,poIssueDate)  values(  'PO1158', 'Ord0158', '6/15/2016' );
INSERT INTO PO( poNumber,orderData,poIssueDate)  values(  'PO1159', 'Ord0159', '6/16/2016' );
INSERT INTO PO( poNumber,orderData,poIssueDate)  values(  'PO1160', 'Ord0160', '6/17/2016' );
INSERT INTO PO( poNumber,orderData,poIssueDate)  values(  'PO1161', 'Ord0161', '6/18/2016' );
INSERT INTO PO( poNumber,orderData,poIssueDate)  values(  'PO1162', 'Ord0162', '6/19/2016' );
INSERT INTO PO( poNumber,orderData,poIssueDate)  values(  'PO1163', 'Ord0163', '6/20/2016' );
INSERT INTO PO( poNumber,orderData,poIssueDate)  values(  'PO1164', 'Ord0164', '6/21/2016' );
INSERT INTO PO( poNumber,orderData,poIssueDate)  values(  'PO1165', 'Ord0165', '6/22/2016' );
INSERT INTO PO( poNumber,orderData,poIssueDate)  values(  'PO1166', 'Ord0166', '6/23/2016' );
INSERT INTO PO( poNumber,orderData,poIssueDate)  values(  'PO1167', 'Ord0167', '6/24/2016' );
INSERT INTO PO( poNumber,orderData,poIssueDate)  values(  'PO1168', 'Ord0168', '6/25/2016' );
INSERT INTO PO( poNumber,orderData,poIssueDate)  values(  'PO1169', 'Ord0169', '6/26/2016' );
INSERT INTO PO( poNumber,orderData,poIssueDate)  values(  'PO1170', 'Ord0170', '6/27/2016' );
INSERT INTO PO( poNumber,orderData,poIssueDate)  values(  'PO1171', 'Ord0171', '6/28/2016' );
INSERT INTO PO( poNumber,orderData,poIssueDate)  values(  'PO1172', 'Ord0172', '6/29/2016' );
INSERT INTO PO( poNumber,orderData,poIssueDate)  values(  'PO1173', 'Ord0173', '6/30/2016' );
INSERT INTO PO( poNumber,orderData,poIssueDate)  values(  'PO1174', 'Ord0174', '7/1/2016' );
INSERT INTO PO( poNumber,orderData,poIssueDate)  values(  'PO1175', 'Ord0175', '7/2/2016' );
INSERT INTO PO( poNumber,orderData,poIssueDate)  values(  'PO1176', 'Ord0176', '7/3/2016' );
INSERT INTO PO( poNumber,orderData,poIssueDate)  values(  'PO1177', 'Ord0177', '7/4/2016' );
INSERT INTO PO( poNumber,orderData,poIssueDate)  values(  'PO1178', 'Ord0178', '7/5/2016' );
INSERT INTO PO( poNumber,orderData,poIssueDate)  values(  'PO1179', 'Ord0179', '7/6/2016' );
INSERT INTO PO( poNumber,orderData,poIssueDate)  values(  'PO1180', 'Ord0180', '7/7/2016' );
INSERT INTO PO( poNumber,orderData,poIssueDate)  values(  'PO1181', 'Ord0181', '7/8/2016' );
INSERT INTO PO( poNumber,orderData,poIssueDate)  values(  'PO1182', 'Ord0182', '7/9/2016' );
INSERT INTO PO( poNumber,orderData,poIssueDate)  values(  'PO1183', 'Ord0183', '7/10/2016' );
INSERT INTO PO( poNumber,orderData,poIssueDate)  values(  'PO1184', 'Ord0184', '7/11/2016' );
INSERT INTO PO( poNumber,orderData,poIssueDate)  values(  'PO1185', 'Ord0185', '7/12/2016' );
INSERT INTO PO( poNumber,orderData,poIssueDate)  values(  'PO1186', 'Ord0186', '7/13/2016' );
INSERT INTO PO( poNumber,orderData,poIssueDate)  values(  'PO1187', 'Ord0187', '7/14/2016' );
INSERT INTO PO( poNumber,orderData,poIssueDate)  values(  'PO1188', 'Ord0188', '7/15/2016' );
INSERT INTO PO( poNumber,orderData,poIssueDate)  values(  'PO1189', 'Ord0189', '7/16/2016' );
INSERT INTO PO( poNumber,orderData,poIssueDate)  values(  'PO1190', 'Ord0190', '7/17/2016' );
INSERT INTO PO( poNumber,orderData,poIssueDate)  values(  'PO1191', 'Ord0191', '7/18/2016' );
INSERT INTO PO( poNumber,orderData,poIssueDate)  values(  'PO1192', 'Ord0192', '7/19/2016' );
INSERT INTO PO( poNumber,orderData,poIssueDate)  values(  'PO1193', 'Ord0193', '7/20/2016' );
INSERT INTO PO( poNumber,orderData,poIssueDate)  values(  'PO1194', 'Ord0194', '7/21/2016' );
INSERT INTO PO( poNumber,orderData,poIssueDate)  values(  'PO1195', 'Ord0195', '7/22/2016' );
INSERT INTO PO( poNumber,orderData,poIssueDate)  values(  'PO1196', 'Ord0196', '7/23/2016' );
INSERT INTO PO( poNumber,orderData,poIssueDate)  values(  'PO1197', 'Ord0197', '7/24/2016' );
INSERT INTO PO( poNumber,orderData,poIssueDate)  values(  'PO1198', 'Ord0198', '7/25/2016' );
INSERT INTO PO( poNumber,orderData,poIssueDate)  values(  'PO1199', 'Ord0199', '7/26/2016' );
INSERT INTO PO( poNumber,orderData,poIssueDate)  values(  'PO1200', 'Ord0200', '7/27/2016' );
INSERT INTO invioce( invoiceId,po)  values(  'INV1001', 'PO1001' );
INSERT INTO invioce( invoiceId,po)  values(  'INV1002', 'PO1001' );
INSERT INTO invioce( invoiceId,po)  values(  'INV1003', 'PO1001' );
INSERT INTO invioce( invoiceId,po)  values(  'INV1004', 'PO1001' );
INSERT INTO invioce( invoiceId,po)  values(  'INV1005', 'PO1001' );
INSERT INTO invioce( invoiceId,po)  values(  'INV1006', 'PO1001' );
INSERT INTO invioce( invoiceId,po)  values(  'INV1007', 'PO1002' );
INSERT INTO invioce( invoiceId,po)  values(  'INV1008', 'PO1003' );
INSERT INTO invioce( invoiceId,po)  values(  'INV1009', 'PO1004' );
INSERT INTO invioce( invoiceId,po)  values(  'INV1010', 'PO1005' );
INSERT INTO invioce( invoiceId,po)  values(  'INV1011', 'PO1006' );
INSERT INTO invioce( invoiceId,po)  values(  'INV1012', 'PO1007' );
INSERT INTO invioce( invoiceId,po)  values(  'INV1013', 'PO1008' );
INSERT INTO invioce( invoiceId,po)  values(  'INV1014', 'PO1009' );
INSERT INTO invioce( invoiceId,po)  values(  'INV1015', 'PO1010' );
INSERT INTO invioce( invoiceId,po)  values(  'INV1016', 'PO1011' );
INSERT INTO invioce( invoiceId,po)  values(  'INV1017', 'PO1012' );
INSERT INTO invioce( invoiceId,po)  values(  'INV1018', 'PO1013' );
INSERT INTO invioce( invoiceId,po)  values(  'INV1019', 'PO1014' );
INSERT INTO invioce( invoiceId,po)  values(  'INV1020', 'PO1015' );
INSERT INTO invioce( invoiceId,po)  values(  'INV1021', 'PO1016' );
INSERT INTO invioce( invoiceId,po)  values(  'INV1022', 'PO1017' );
INSERT INTO invioce( invoiceId,po)  values(  'INV1023', 'PO1018' );
INSERT INTO invioce( invoiceId,po)  values(  'INV1024', 'PO1019' );
INSERT INTO invioce( invoiceId,po)  values(  'INV1025', 'PO1020' );
INSERT INTO invioce( invoiceId,po)  values(  'INV1026', 'PO1021' );
INSERT INTO invioce( invoiceId,po)  values(  'INV1027', 'PO1022' );
INSERT INTO invioce( invoiceId,po)  values(  'INV1028', 'PO1023' );
INSERT INTO invioce( invoiceId,po)  values(  'INV1029', 'PO1024' );
INSERT INTO invioce( invoiceId,po)  values(  'INV1030', 'PO1025' );
INSERT INTO invioce( invoiceId,po)  values(  'INV1031', 'PO1026' );
INSERT INTO invioce( invoiceId,po)  values(  'INV1032', 'PO1027' );
INSERT INTO invioce( invoiceId,po)  values(  'INV1033', 'PO1028' );
INSERT INTO invioce( invoiceId,po)  values(  'INV1034', 'PO1029' );
INSERT INTO invioce( invoiceId,po)  values(  'INV1035', 'PO1030' );
INSERT INTO invioce( invoiceId,po)  values(  'INV1036', 'PO1031' );
INSERT INTO invioce( invoiceId,po)  values(  'INV1037', 'PO1032' );
INSERT INTO invioce( invoiceId,po)  values(  'INV1038', 'PO1033' );
INSERT INTO invioce( invoiceId,po)  values(  'INV1039', 'PO1034' );
INSERT INTO invioce( invoiceId,po)  values(  'INV1040', 'PO1035' );
INSERT INTO invioce( invoiceId,po)  values(  'INV1041', 'PO1036' );
INSERT INTO invioce( invoiceId,po)  values(  'INV1042', 'PO1037' );
INSERT INTO invioce( invoiceId,po)  values(  'INV1043', 'PO1038' );
INSERT INTO invioce( invoiceId,po)  values(  'INV1044', 'PO1039' );
INSERT INTO invioce( invoiceId,po)  values(  'INV1045', 'PO1040' );
INSERT INTO invioce( invoiceId,po)  values(  'INV1046', 'PO1041' );
INSERT INTO invioce( invoiceId,po)  values(  'INV1047', 'PO1042' );
INSERT INTO invioce( invoiceId,po)  values(  'INV1048', 'PO1043' );
INSERT INTO invioce( invoiceId,po)  values(  'INV1049', 'PO1044' );
INSERT INTO invioce( invoiceId,po)  values(  'INV1050', 'PO1045' );
INSERT INTO invioce( invoiceId,po)  values(  'INV1051', 'PO1046' );
INSERT INTO invioce( invoiceId,po)  values(  'INV1052', 'PO1047' );
INSERT INTO invioce( invoiceId,po)  values(  'INV1053', 'PO1048' );
INSERT INTO invioce( invoiceId,po)  values(  'INV1054', 'PO1049' );
INSERT INTO invioce( invoiceId,po)  values(  'INV1055', 'PO1050' );
INSERT INTO invioce( invoiceId,po)  values(  'INV1056', 'PO1051' );
INSERT INTO invioce( invoiceId,po)  values(  'INV1057', 'PO1052' );
INSERT INTO invioce( invoiceId,po)  values(  'INV1058', 'PO1053' );
INSERT INTO invioce( invoiceId,po)  values(  'INV1059', 'PO1054' );
INSERT INTO invioce( invoiceId,po)  values(  'INV1060', 'PO1055' );
INSERT INTO invioce( invoiceId,po)  values(  'INV1061', 'PO1056' );
INSERT INTO invioce( invoiceId,po)  values(  'INV1062', 'PO1057' );
INSERT INTO invioce( invoiceId,po)  values(  'INV1063', 'PO1058' );
INSERT INTO invioce( invoiceId,po)  values(  'INV1064', 'PO1059' );
INSERT INTO invioce( invoiceId,po)  values(  'INV1065', 'PO1060' );
INSERT INTO invioce( invoiceId,po)  values(  'INV1066', 'PO1061' );
INSERT INTO invioce( invoiceId,po)  values(  'INV1067', 'PO1062' );
INSERT INTO invioce( invoiceId,po)  values(  'INV1068', 'PO1063' );
INSERT INTO invioce( invoiceId,po)  values(  'INV1069', 'PO1064' );
INSERT INTO invioce( invoiceId,po)  values(  'INV1070', 'PO1065' );
INSERT INTO invioce( invoiceId,po)  values(  'INV1071', 'PO1066' );
INSERT INTO invioce( invoiceId,po)  values(  'INV1072', 'PO1067' );
INSERT INTO invioce( invoiceId,po)  values(  'INV1073', 'PO1068' );
INSERT INTO invioce( invoiceId,po)  values(  'INV1074', 'PO1068' );
INSERT INTO invioce( invoiceId,po)  values(  'INV1075', 'PO1068' );
INSERT INTO invioce( invoiceId,po)  values(  'INV1076', 'PO1068' );
INSERT INTO invioce( invoiceId,po)  values(  'INV1077', 'PO1068' );
INSERT INTO invioce( invoiceId,po)  values(  'INV1078', 'PO1068' );
INSERT INTO invioce( invoiceId,po)  values(  'INV1079', 'PO1068' );
INSERT INTO invioce( invoiceId,po)  values(  'INV1080', 'PO1068' );
INSERT INTO invioce( invoiceId,po)  values(  'INV1081', 'PO1068' );
INSERT INTO invioce( invoiceId,po)  values(  'INV1082', 'PO1069' );
INSERT INTO invioce( invoiceId,po)  values(  'INV1083', 'PO1070' );
INSERT INTO invioce( invoiceId,po)  values(  'INV1084', 'PO1071' );
INSERT INTO invioce( invoiceId,po)  values(  'INV1085', 'PO1072' );
INSERT INTO invioce( invoiceId,po)  values(  'INV1086', 'PO1073' );
INSERT INTO invioce( invoiceId,po)  values(  'INV1087', 'PO1074' );
INSERT INTO invioce( invoiceId,po)  values(  'INV1088', 'PO1075' );
INSERT INTO invioce( invoiceId,po)  values(  'INV1089', 'PO1076' );
INSERT INTO invioce( invoiceId,po)  values(  'INV1090', 'PO1077' );
INSERT INTO invioce( invoiceId,po)  values(  'INV1091', 'PO1078' );
INSERT INTO invioce( invoiceId,po)  values(  'INV1092', 'PO1079' );
INSERT INTO invioce( invoiceId,po)  values(  'INV1093', 'PO1080' );
INSERT INTO invioce( invoiceId,po)  values(  'INV1094', 'PO1081' );
INSERT INTO invioce( invoiceId,po)  values(  'INV1095', 'PO1082' );
INSERT INTO invioce( invoiceId,po)  values(  'INV1096', 'PO1083' );
INSERT INTO invioce( invoiceId,po)  values(  'INV1097', 'PO1084' );
INSERT INTO invioce( invoiceId,po)  values(  'INV1098', 'PO1085' );
INSERT INTO invioce( invoiceId,po)  values(  'INV1099', 'PO1086' );
INSERT INTO invioce( invoiceId,po)  values(  'INV1100', 'PO1087' );
INSERT INTO invioce( invoiceId,po)  values(  'INV1101', 'PO1088' );
INSERT INTO invioce( invoiceId,po)  values(  'INV1102', 'PO1089' );
INSERT INTO invioce( invoiceId,po)  values(  'INV1103', 'PO1090' );
INSERT INTO invioce( invoiceId,po)  values(  'INV1104', 'PO1091' );
INSERT INTO invioce( invoiceId,po)  values(  'INV1105', 'PO1092' );
INSERT INTO invioce( invoiceId,po)  values(  'INV1106', 'PO1093' );
INSERT INTO invioce( invoiceId,po)  values(  'INV1107', 'PO1094' );
INSERT INTO invioce( invoiceId,po)  values(  'INV1108', 'PO1095' );
INSERT INTO invioce( invoiceId,po)  values(  'INV1109', 'PO1096' );
INSERT INTO invioce( invoiceId,po)  values(  'INV1110', 'PO1097' );
INSERT INTO invioce( invoiceId,po)  values(  'INV1111', 'PO1098' );
INSERT INTO invioce( invoiceId,po)  values(  'INV1112', 'PO1099' );
INSERT INTO invioce( invoiceId,po)  values(  'INV1113', 'PO1100' );
INSERT INTO invioce( invoiceId,po)  values(  'INV1114', 'PO1101' );
INSERT INTO invioce( invoiceId,po)  values(  'INV1115', 'PO1102' );
INSERT INTO invioce( invoiceId,po)  values(  'INV1116', 'PO1103' );
INSERT INTO invioce( invoiceId,po)  values(  'INV1117', 'PO1104' );
INSERT INTO invioce( invoiceId,po)  values(  'INV1118', 'PO1105' );
INSERT INTO invioce( invoiceId,po)  values(  'INV1119', 'PO1106' );
INSERT INTO invioce( invoiceId,po)  values(  'INV1120', 'PO1107' );
INSERT INTO invioce( invoiceId,po)  values(  'INV1121', 'PO1108' );
INSERT INTO invioce( invoiceId,po)  values(  'INV1122', 'PO1109' );
INSERT INTO invioce( invoiceId,po)  values(  'INV1123', 'PO1110' );
INSERT INTO invioce( invoiceId,po)  values(  'INV1124', 'PO1111' );
INSERT INTO invioce( invoiceId,po)  values(  'INV1125', 'PO1112' );
INSERT INTO invioce( invoiceId,po)  values(  'INV1126', 'PO1113' );
INSERT INTO invioce( invoiceId,po)  values(  'INV1127', 'PO1114' );
INSERT INTO invioce( invoiceId,po)  values(  'INV1128', 'PO1115' );
INSERT INTO invioce( invoiceId,po)  values(  'INV1129', 'PO1116' );
INSERT INTO invioce( invoiceId,po)  values(  'INV1130', 'PO1117' );
INSERT INTO invioce( invoiceId,po)  values(  'INV1131', 'PO1118' );
INSERT INTO invioce( invoiceId,po)  values(  'INV1132', 'PO1119' );
INSERT INTO invioce( invoiceId,po)  values(  'INV1133', 'PO1120' );
INSERT INTO invioce( invoiceId,po)  values(  'INV1134', 'PO1121' );
INSERT INTO invioce( invoiceId,po)  values(  'INV1135', 'PO1122' );
INSERT INTO invioce( invoiceId,po)  values(  'INV1136', 'PO1123' );
INSERT INTO invioce( invoiceId,po)  values(  'INV1137', 'PO1124' );
INSERT INTO invioce( invoiceId,po)  values(  'INV1138', 'PO1125' );
INSERT INTO invioce( invoiceId,po)  values(  'INV1139', 'PO1126' );
INSERT INTO invioce( invoiceId,po)  values(  'INV1140', 'PO1127' );
INSERT INTO invioce( invoiceId,po)  values(  'INV1141', 'PO1128' );
INSERT INTO invioce( invoiceId,po)  values(  'INV1142', 'PO1129' );
INSERT INTO invioce( invoiceId,po)  values(  'INV1143', 'PO1130' );
INSERT INTO invioce( invoiceId,po)  values(  'INV1144', 'PO1131' );
INSERT INTO invioce( invoiceId,po)  values(  'INV1145', 'PO1132' );
INSERT INTO invioce( invoiceId,po)  values(  'INV1146', 'PO1133' );
INSERT INTO invioce( invoiceId,po)  values(  'INV1147', 'PO1134' );
INSERT INTO invioce( invoiceId,po)  values(  'INV1148', 'PO1135' );
INSERT INTO invioce( invoiceId,po)  values(  'INV1149', 'PO1136' );
INSERT INTO invioce( invoiceId,po)  values(  'INV1150', 'PO1137' );
INSERT INTO invioce( invoiceId,po)  values(  'INV1151', 'PO1138' );
INSERT INTO invioce( invoiceId,po)  values(  'INV1152', 'PO1139' );
INSERT INTO invioce( invoiceId,po)  values(  'INV1153', 'PO1140' );
INSERT INTO invioce( invoiceId,po)  values(  'INV1154', 'PO1141' );
INSERT INTO invioce( invoiceId,po)  values(  'INV1155', 'PO1142' );
INSERT INTO invioce( invoiceId,po)  values(  'INV1156', 'PO1143' );
INSERT INTO invioce( invoiceId,po)  values(  'INV1157', 'PO1144' );
INSERT INTO invioce( invoiceId,po)  values(  'INV1158', 'PO1145' );
INSERT INTO invioce( invoiceId,po)  values(  'INV1159', 'PO1146' );
INSERT INTO invioce( invoiceId,po)  values(  'INV1160', 'PO1147' );
INSERT INTO invioce( invoiceId,po)  values(  'INV1161', 'PO1148' );
INSERT INTO invioce( invoiceId,po)  values(  'INV1162', 'PO1149' );
INSERT INTO invioce( invoiceId,po)  values(  'INV1163', 'PO1150' );
INSERT INTO invioce( invoiceId,po)  values(  'INV1164', 'PO1151' );
INSERT INTO invioce( invoiceId,po)  values(  'INV1165', 'PO1152' );
INSERT INTO invioce( invoiceId,po)  values(  'INV1166', 'PO1153' );
INSERT INTO invioce( invoiceId,po)  values(  'INV1167', 'PO1154' );
INSERT INTO invioce( invoiceId,po)  values(  'INV1168', 'PO1155' );
INSERT INTO invioce( invoiceId,po)  values(  'INV1169', 'PO1156' );
INSERT INTO invioce( invoiceId,po)  values(  'INV1170', 'PO1157' );
INSERT INTO invioce( invoiceId,po)  values(  'INV1171', 'PO1158' );
INSERT INTO invioce( invoiceId,po)  values(  'INV1172', 'PO1159' );
INSERT INTO invioce( invoiceId,po)  values(  'INV1173', 'PO1160' );
INSERT INTO invioce( invoiceId,po)  values(  'INV1174', 'PO1161' );
INSERT INTO invioce( invoiceId,po)  values(  'INV1175', 'PO1162' );
INSERT INTO invioce( invoiceId,po)  values(  'INV1176', 'PO1163' );
INSERT INTO invioce( invoiceId,po)  values(  'INV1177', 'PO1164' );
INSERT INTO invioce( invoiceId,po)  values(  'INV1178', 'PO1165' );
INSERT INTO invioce( invoiceId,po)  values(  'INV1179', 'PO1166' );
INSERT INTO invioce( invoiceId,po)  values(  'INV1180', 'PO1167' );
INSERT INTO invioce( invoiceId,po)  values(  'INV1181', 'PO1168' );
INSERT INTO invioce( invoiceId,po)  values(  'INV1182', 'PO1169' );
INSERT INTO invioce( invoiceId,po)  values(  'INV1183', 'PO1170' );
INSERT INTO invioce( invoiceId,po)  values(  'INV1184', 'PO1171' );
INSERT INTO invioce( invoiceId,po)  values(  'INV1185', 'PO1172' );
INSERT INTO invioce( invoiceId,po)  values(  'INV1186', 'PO1173' );
INSERT INTO invioce( invoiceId,po)  values(  'INV1187', 'PO1174' );
INSERT INTO invioce( invoiceId,po)  values(  'INV1188', 'PO1175' );
INSERT INTO invioce( invoiceId,po)  values(  'INV1189', 'PO1176' );
INSERT INTO invioce( invoiceId,po)  values(  'INV1190', 'PO1177' );
INSERT INTO invioce( invoiceId,po)  values(  'INV1191', 'PO1178' );
INSERT INTO invioce( invoiceId,po)  values(  'INV1192', 'PO1179' );
INSERT INTO invioce( invoiceId,po)  values(  'INV1193', 'PO1180' );
INSERT INTO invioce( invoiceId,po)  values(  'INV1194', 'PO1181' );
INSERT INTO invioce( invoiceId,po)  values(  'INV1195', 'PO1182' );
INSERT INTO invioce( invoiceId,po)  values(  'INV1196', 'PO1183' );
INSERT INTO invioce( invoiceId,po)  values(  'INV1197', 'PO1184' );
INSERT INTO invioce( invoiceId,po)  values(  'INV1198', 'PO1185' );
INSERT INTO invioce( invoiceId,po)  values(  'INV1199', 'PO1186' );
INSERT INTO invioce( invoiceId,po)  values(  'INV1200', 'PO1187' );
INSERT INTO invioce( invoiceId,po)  values(  'INV1201', 'PO1188' );
INSERT INTO invioce( invoiceId,po)  values(  'INV1202', 'PO1189' );
INSERT INTO invioce( invoiceId,po)  values(  'INV1203', 'PO1190' );
INSERT INTO invioce( invoiceId,po)  values(  'INV1204', 'PO1191' );
INSERT INTO invioce( invoiceId,po)  values(  'INV1205', 'PO1192' );
INSERT INTO invioce( invoiceId,po)  values(  'INV1206', 'PO1193' );
INSERT INTO invioce( invoiceId,po)  values(  'INV1207', 'PO1194' );
INSERT INTO invioce( invoiceId,po)  values(  'INV1208', 'PO1195' );
INSERT INTO invioce( invoiceId,po)  values(  'INV1209', 'PO1196' );
INSERT INTO invioce( invoiceId,po)  values(  'INV1210', 'PO1197' );
INSERT INTO invioce( invoiceId,po)  values(  'INV1211', 'PO1198' );
INSERT INTO invioce( invoiceId,po)  values(  'INV1212', 'PO1199' );
INSERT INTO invioce( invoiceId,po)  values(  'INV1213', 'PO1200' );
INSERT INTO invioce( invoiceId,po)  values(  'INV1214', 'PO1200' );
INSERT INTO invioce( invoiceId,po)  values(  'INV1215', 'PO1200' );
INSERT INTO invioce( invoiceId,po)  values(  'INV1216', 'PO1200' );
INSERT INTO invioce( invoiceId,po)  values(  'INV1217', 'PO1200' );