INSERT INTO customer(id, name, phone, tstamp) values( nextval( 'hibernate_sequence') , 'Sam','(925)-123-4567', NOW());
INSERT INTO customer(id, name, phone, tstamp) values( nextval( 'hibernate_sequence') , 'Sergey','(925)-223-4567', NOW());
INSERT INTO customer(id, name, phone, tstamp) values( nextval( 'hibernate_sequence') , 'Bob', ,'(925)-323-4567', NOW());
INSERT INTO customer(id, name, phone, tstamp) values( nextval( 'hibernate_sequence') , 'Robert','(925)-423-4567', NOW());
INSERT INTO customer(id, name, phone, tstamp) values( nextval( 'hibernate_sequence') , 'Alex', '(925)-523-4567', NOW());
INSERT INTO customer(id, name, phone, tstamp) values( nextval( 'hibernate_sequence') , 'Savva','(925)-623-4567', NOW());
INSERT INTO customer(id, name, phone, tstamp) values( nextval( 'hibernate_sequence') , 'Josh', '(925)-723-4567', NOW());
INSERT INTO customer(id, name, phone, tstamp) values( nextval( 'hibernate_sequence') , 'Patrick','(925)-823-4567', NOW());
INSERT INTO customer(id, name, phone, tstamp) values( nextval( 'hibernate_sequence') , 'Andy', '(925)-923-4567', NOW());
INSERT INTO customer(id, name, phone, tstamp) values( nextval( 'hibernate_sequence') , 'Eric', '(925)-013-4567', NOW());
INSERT INTO customer(id, name, phone, tstamp) values( nextval( 'hibernate_sequence') , 'Chris','(925)-023-4567', NOW());
INSERT INTO customer(id, name, phone, tstamp) values( nextval( 'hibernate_sequence') , 'Raj', '(925)-033-4567', NOW());
INSERT INTO customer(id, name, phone, tstamp) values( nextval( 'hibernate_sequence') , 'Vic', '(925)-043-4567', NOW());
INSERT INTO customer(id, name, phone, tstamp) values( nextval( 'hibernate_sequence') , 'Rich','(925)-053-4567', NOW());
INSERT INTO customer(id, name, phone, tstamp) values( nextval( 'hibernate_sequence') , 'Mark','(925)-063-4567', NOW());
INSERT INTO customer(id, name, phone, tstamp) values( nextval( 'hibernate_sequence') , 'Mark','(925)-063-4567', NOW());
INSERT INTO supplier(supplierId,supplierName,supplierAddress,supplierPhoneNumber,suppliertype,supplierStatus) values( 1011, 'ABC corporation','Abc lane 1234 House Number USA', '123456789','Manufacturing','A');
INSERT INTO supplier(supplierId,supplierName,supplierAddress,supplierPhoneNumber,suppliertype,supplierStatus) values( 1012, 'ABC 2 limited','Abc lane 1234 House Number USA', '123456789','Manufacturing','A');
INSERT INTO supplier(supplierId,supplierName,supplierAddress,supplierPhoneNumber,suppliertype,supplierStatus) values( 1013, 'Expert Automation 1','Abc lane 1234 House Number USA', '123456789','Manufacturing','A');
INSERT INTO supplier(supplierId,supplierName,supplierAddress,supplierPhoneNumber,suppliertype,supplierStatus) values( 1014, 'Expert Automation 2','Abc lane 1234 House Number USA', '123456789','Manufacturing','A');
INSERT INTO supplier(supplierId,supplierName,supplierAddress,supplierPhoneNumber,suppliertype,supplierStatus) values( 1015, 'Expert Automation 2','Abc lane 1234 House Number USA', '123456789','Manufacturing','A');
INSERT INTO supplier(supplierId,supplierName,supplierAddress,supplierPhoneNumber,suppliertype,supplierStatus) values( 1016, 'Expert Automation 2','Abc lane 1234 House Number USA', '123456789','Manufacturing','A');
INSERT INTO supplier(supplierId,supplierName,supplierAddress,supplierPhoneNumber,suppliertype,supplierStatus) values( 1017, 'Expert Automation 2','Abc lane 1234 House Number USA', '123456789','Manufacturing','A');
INSERT INTO supplier(supplierId,supplierName,supplierAddress,supplierPhoneNumber,suppliertype,supplierStatus) values( 1018, 'Expert Automation 2','Abc lane 1234 House Number USA', '123456789','Manufacturing','A');
INSERT INTO supplier(supplierId,supplierName,supplierAddress,supplierPhoneNumber,suppliertype,supplierStatus) values( 1019, 'Expert Automation 2','Abc lane 1234 House Number USA', '123456789','Manufacturing','A');
INSERT INTO supplier(supplierId,supplierName,supplierAddress,supplierPhoneNumber,suppliertype,supplierStatus) values( 1020, 'Expert Automation 2','Abc lane 1234 House Number USA', '123456789','Manufacturing','A');
INSERT INTO supplier(supplierId,supplierName,supplierAddress,supplierPhoneNumber,suppliertype,supplierStatus) values( 1021, 'Expert Automation 2','Abc lane 1234 House Number USA', '123456789','Manufacturing','A');
INSERT INTO supplier(supplierId,supplierName,supplierAddress,supplierPhoneNumber,suppliertype,supplierStatus) values( 1022, 'Expert Automation 2','Abc lane 1234 House Number USA', '123456789','Manufacturing','A');
INSERT INTO supplier(supplierId,supplierName,supplierAddress,supplierPhoneNumber,suppliertype,supplierStatus) values( 1023, 'Expert Automation 2','Abc lane 1234 House Number USA', '123456789','Manufacturing','A');
INSERT INTO supplier(supplierId,supplierName,supplierAddress,supplierPhoneNumber,suppliertype,supplierStatus) values( 1024, 'Expert Automation 2','Abc lane 1234 House Number USA', '123456789','Manufacturing','A');
INSERT INTO supplier(supplierId,supplierName,supplierAddress,supplierPhoneNumber,suppliertype,supplierStatus) values( 1025, 'Expert Automation 2','Abc lane 1234 House Number USA', '123456789','Manufacturing','A');
INSERT INTO supplier(supplierId,supplierName,supplierAddress,supplierPhoneNumber,suppliertype,supplierStatus) values( 1026, 'Expert Automation 2','Abc lane 1234 House Number USA', '123456789','Manufacturing','A');
INSERT INTO supplier(supplierId,supplierName,supplierAddress,supplierPhoneNumber,suppliertype,supplierStatus) values( 1027, 'Expert Automation 2','Abc lane 1234 House Number USA', '123456789','Manufacturing','A');
INSERT INTO InvoiceHold(holdId,holdReason,holdResolution,holdFaq) values( 'HL11001', 'Part Quality','Part Quality','what are the details requiered for Audit');
INSERT INTO InvoiceHold(holdId,holdReason,holdResolution,holdFaq) values( 'HL11002', 'Insuffcient inventory','Update Inventory','How we can check the inventory');
INSERT INTO InvoiceHold(holdId,holdReason,holdResolution,holdFaq) values( 'HL11003', 'Details not available','Update supplier details','What all details are required');
INSERT INTO InvoiceHold(holdId,holdReason,holdResolution,holdFaq) values( 'HL11004', 'Additional verification requiered','Provide Verification proof','List of documents');
INSERT INTO orderData( orderDetails,orderId,orderAmount,supplier,orderDate)  values(  'null', 'Ord0001', '100000', '1011', '1/20/2016' );
INSERT INTO orderData( orderDetails,orderId,orderAmount,supplier,orderDate)  values(  'null', 'Ord0002', '100001', '1012', '1/21/2016' );
INSERT INTO orderData( orderDetails,orderId,orderAmount,supplier,orderDate)  values(  'null', 'Ord0003', '100002', '1013', '1/22/2016' );
INSERT INTO orderData( orderDetails,orderId,orderAmount,supplier,orderDate)  values(  'null', 'Ord0004', '100003', '1014', '1/23/2016' );
INSERT INTO orderData( orderDetails,orderId,orderAmount,supplier,orderDate)  values(  'null', 'Ord0005', '100004', '1015', '1/24/2016' );
INSERT INTO orderData( orderDetails,orderId,orderAmount,supplier,orderDate)  values(  'null', 'Ord0006', '100005', '1016', '1/25/2016' );
INSERT INTO orderData( orderDetails,orderId,orderAmount,supplier,orderDate)  values(  'null', 'Ord0007', '100006', '1017', '1/26/2016' );
INSERT INTO orderData( orderDetails,orderId,orderAmount,supplier,orderDate)  values(  'null', 'Ord0008', '100007', '1018', '1/27/2016' );
INSERT INTO orderData( orderDetails,orderId,orderAmount,supplier,orderDate)  values(  'null', 'Ord0009', '100008', '1019', '1/28/2016' );
INSERT INTO orderData( orderDetails,orderId,orderAmount,supplier,orderDate)  values(  'null', 'Ord0010', '100009', '1020', '1/29/2016' );
INSERT INTO orderData( orderDetails,orderId,orderAmount,supplier,orderDate)  values(  'null', 'Ord0011', '100010', '1021', '1/30/2016' );
INSERT INTO orderData( orderDetails,orderId,orderAmount,supplier,orderDate)  values(  'null', 'Ord0012', '100011', '1022', '1/31/2016' );
INSERT INTO orderData( orderDetails,orderId,orderAmount,supplier,orderDate)  values(  'null', 'Ord0013', '100012', '1023', '2/1/2016' );
INSERT INTO orderData( orderDetails,orderId,orderAmount,supplier,orderDate)  values(  'null', 'Ord0014', '100013', '1024', '2/2/2016' );
INSERT INTO orderData( orderDetails,orderId,orderAmount,supplier,orderDate)  values(  'null', 'Ord0015', '100014', '1025', '2/3/2016' );
INSERT INTO orderData( orderDetails,orderId,orderAmount,supplier,orderDate)  values(  'null', 'Ord0016', '100015', '1026', '2/4/2016' );
INSERT INTO orderData( orderDetails,orderId,orderAmount,supplier,orderDate)  values(  'null', 'Ord0017', '100016', '1027', '2/5/2016' );
INSERT INTO orderData( orderDetails,orderId,orderAmount,supplier,orderDate)  values(  'null', 'Ord0018', '100017', '1011', '2/6/2016' );
INSERT INTO orderData( orderDetails,orderId,orderAmount,supplier,orderDate)  values(  'null', 'Ord0019', '100018', '1012', '2/7/2016' );
INSERT INTO orderData( orderDetails,orderId,orderAmount,supplier,orderDate)  values(  'null', 'Ord0020', '100019', '1013', '2/8/2016' );
INSERT INTO orderData( orderDetails,orderId,orderAmount,supplier,orderDate)  values(  'null', 'Ord0021', '100020', '1014', '2/9/2016' );
INSERT INTO orderData( orderDetails,orderId,orderAmount,supplier,orderDate)  values(  'null', 'Ord0022', '100021', '1015', '2/10/2016' );
INSERT INTO orderData( orderDetails,orderId,orderAmount,supplier,orderDate)  values(  'null', 'Ord0023', '100022', '1016', '2/11/2016' );
INSERT INTO orderData( orderDetails,orderId,orderAmount,supplier,orderDate)  values(  'null', 'Ord0024', '100023', '1017', '2/12/2016' );
INSERT INTO orderData( orderDetails,orderId,orderAmount,supplier,orderDate)  values(  'null', 'Ord0025', '100024', '1018', '2/13/2016' );
INSERT INTO orderData( orderDetails,orderId,orderAmount,supplier,orderDate)  values(  'null', 'Ord0026', '100025', '1019', '2/14/2016' );
INSERT INTO orderData( orderDetails,orderId,orderAmount,supplier,orderDate)  values(  'null', 'Ord0027', '100026', '1020', '2/15/2016' );
INSERT INTO orderData( orderDetails,orderId,orderAmount,supplier,orderDate)  values(  'null', 'Ord0028', '100027', '1021', '2/16/2016' );
INSERT INTO orderData( orderDetails,orderId,orderAmount,supplier,orderDate)  values(  'null', 'Ord0029', '100028', '1022', '2/17/2016' );
INSERT INTO orderData( orderDetails,orderId,orderAmount,supplier,orderDate)  values(  'null', 'Ord0030', '100029', '1023', '2/18/2016' );
INSERT INTO orderData( orderDetails,orderId,orderAmount,supplier,orderDate)  values(  'null', 'Ord0031', '100030', '1024', '2/19/2016' );
INSERT INTO orderData( orderDetails,orderId,orderAmount,supplier,orderDate)  values(  'null', 'Ord0032', '100031', '1025', '2/20/2016' );
INSERT INTO orderData( orderDetails,orderId,orderAmount,supplier,orderDate)  values(  'null', 'Ord0033', '100032', '1026', '2/21/2016' );
INSERT INTO orderData( orderDetails,orderId,orderAmount,supplier,orderDate)  values(  'null', 'Ord0034', '100033', '1027', '2/22/2016' );
INSERT INTO orderData( orderDetails,orderId,orderAmount,supplier,orderDate)  values(  'null', 'Ord0035', '100034', '1011', '2/23/2016' );
INSERT INTO orderData( orderDetails,orderId,orderAmount,supplier,orderDate)  values(  'null', 'Ord0036', '100035', '1012', '2/24/2016' );
INSERT INTO orderData( orderDetails,orderId,orderAmount,supplier,orderDate)  values(  'null', 'Ord0037', '100036', '1013', '2/25/2016' );
INSERT INTO orderData( orderDetails,orderId,orderAmount,supplier,orderDate)  values(  'null', 'Ord0038', '100037', '1014', '2/26/2016' );
INSERT INTO orderData( orderDetails,orderId,orderAmount,supplier,orderDate)  values(  'null', 'Ord0039', '100038', '1015', '2/27/2016' );
INSERT INTO orderData( orderDetails,orderId,orderAmount,supplier,orderDate)  values(  'null', 'Ord0040', '100039', '1016', '2/28/2016' );
INSERT INTO orderData( orderDetails,orderId,orderAmount,supplier,orderDate)  values(  'null', 'Ord0041', '100040', '1017', '2/29/2016' );
INSERT INTO orderData( orderDetails,orderId,orderAmount,supplier,orderDate)  values(  'null', 'Ord0042', '100041', '1018', '3/1/2016' );
INSERT INTO orderData( orderDetails,orderId,orderAmount,supplier,orderDate)  values(  'null', 'Ord0043', '100042', '1019', '3/2/2016' );
INSERT INTO orderData( orderDetails,orderId,orderAmount,supplier,orderDate)  values(  'null', 'Ord0044', '100043', '1020', '3/3/2016' );
INSERT INTO orderData( orderDetails,orderId,orderAmount,supplier,orderDate)  values(  'null', 'Ord0045', '100044', '1021', '3/4/2016' );
INSERT INTO orderData( orderDetails,orderId,orderAmount,supplier,orderDate)  values(  'null', 'Ord0046', '100045', '1022', '3/5/2016' );
INSERT INTO orderData( orderDetails,orderId,orderAmount,supplier,orderDate)  values(  'null', 'Ord0047', '100046', '1023', '3/6/2016' );
INSERT INTO orderData( orderDetails,orderId,orderAmount,supplier,orderDate)  values(  'null', 'Ord0048', '100047', '1024', '3/7/2016' );
INSERT INTO orderData( orderDetails,orderId,orderAmount,supplier,orderDate)  values(  'null', 'Ord0049', '100048', '1025', '3/8/2016' );
INSERT INTO orderData( orderDetails,orderId,orderAmount,supplier,orderDate)  values(  'null', 'Ord0050', '100049', '1026', '3/9/2016' );
INSERT INTO orderData( orderDetails,orderId,orderAmount,supplier,orderDate)  values(  'null', 'Ord0051', '100050', '1027', '3/10/2016' );
INSERT INTO orderData( orderDetails,orderId,orderAmount,supplier,orderDate)  values(  'null', 'Ord0052', '100051', '1011', '3/11/2016' );
INSERT INTO orderData( orderDetails,orderId,orderAmount,supplier,orderDate)  values(  'null', 'Ord0053', '100052', '1012', '3/12/2016' );
INSERT INTO orderData( orderDetails,orderId,orderAmount,supplier,orderDate)  values(  'null', 'Ord0054', '100053', '1013', '3/13/2016' );
INSERT INTO orderData( orderDetails,orderId,orderAmount,supplier,orderDate)  values(  'null', 'Ord0055', '100054', '1014', '3/14/2016' );
INSERT INTO orderData( orderDetails,orderId,orderAmount,supplier,orderDate)  values(  'null', 'Ord0056', '100055', '1015', '3/15/2016' );
INSERT INTO orderData( orderDetails,orderId,orderAmount,supplier,orderDate)  values(  'null', 'Ord0057', '100056', '1016', '3/16/2016' );
INSERT INTO orderData( orderDetails,orderId,orderAmount,supplier,orderDate)  values(  'null', 'Ord0058', '100057', '1017', '3/17/2016' );
INSERT INTO orderData( orderDetails,orderId,orderAmount,supplier,orderDate)  values(  'null', 'Ord0059', '100058', '1018', '3/18/2016' );
INSERT INTO orderData( orderDetails,orderId,orderAmount,supplier,orderDate)  values(  'null', 'Ord0060', '100059', '1019', '3/19/2016' );
INSERT INTO orderData( orderDetails,orderId,orderAmount,supplier,orderDate)  values(  'null', 'Ord0061', '100060', '1020', '3/20/2016' );
INSERT INTO orderData( orderDetails,orderId,orderAmount,supplier,orderDate)  values(  'null', 'Ord0062', '100061', '1021', '3/21/2016' );
INSERT INTO orderData( orderDetails,orderId,orderAmount,supplier,orderDate)  values(  'null', 'Ord0063', '100062', '1022', '3/22/2016' );
INSERT INTO orderData( orderDetails,orderId,orderAmount,supplier,orderDate)  values(  'null', 'Ord0064', '100063', '1023', '3/23/2016' );
INSERT INTO orderData( orderDetails,orderId,orderAmount,supplier,orderDate)  values(  'null', 'Ord0065', '100064', '1024', '3/24/2016' );
INSERT INTO orderData( orderDetails,orderId,orderAmount,supplier,orderDate)  values(  'null', 'Ord0066', '100065', '1025', '3/25/2016' );
INSERT INTO orderData( orderDetails,orderId,orderAmount,supplier,orderDate)  values(  'null', 'Ord0067', '100066', '1026', '3/26/2016' );
INSERT INTO orderData( orderDetails,orderId,orderAmount,supplier,orderDate)  values(  'null', 'Ord0068', '100067', '1027', '3/27/2016' );
INSERT INTO orderData( orderDetails,orderId,orderAmount,supplier,orderDate)  values(  'null', 'Ord0069', '100068', '1011', '3/28/2016' );
INSERT INTO orderData( orderDetails,orderId,orderAmount,supplier,orderDate)  values(  'null', 'Ord0070', '100069', '1012', '3/29/2016' );
INSERT INTO orderData( orderDetails,orderId,orderAmount,supplier,orderDate)  values(  'null', 'Ord0071', '100070', '1013', '3/30/2016' );
INSERT INTO orderData( orderDetails,orderId,orderAmount,supplier,orderDate)  values(  'null', 'Ord0072', '100071', '1014', '3/31/2016' );
INSERT INTO orderData( orderDetails,orderId,orderAmount,supplier,orderDate)  values(  'null', 'Ord0073', '100072', '1015', '4/1/2016' );
INSERT INTO orderData( orderDetails,orderId,orderAmount,supplier,orderDate)  values(  'null', 'Ord0074', '100073', '1016', '4/2/2016' );
INSERT INTO orderData( orderDetails,orderId,orderAmount,supplier,orderDate)  values(  'null', 'Ord0075', '100074', '1017', '4/3/2016' );
INSERT INTO orderData( orderDetails,orderId,orderAmount,supplier,orderDate)  values(  'null', 'Ord0076', '100075', '1018', '4/4/2016' );
INSERT INTO orderData( orderDetails,orderId,orderAmount,supplier,orderDate)  values(  'null', 'Ord0077', '100076', '1019', '4/5/2016' );
INSERT INTO orderData( orderDetails,orderId,orderAmount,supplier,orderDate)  values(  'null', 'Ord0078', '100077', '1020', '4/6/2016' );
INSERT INTO orderData( orderDetails,orderId,orderAmount,supplier,orderDate)  values(  'null', 'Ord0079', '100078', '1021', '4/7/2016' );
INSERT INTO orderData( orderDetails,orderId,orderAmount,supplier,orderDate)  values(  'null', 'Ord0080', '100079', '1022', '4/8/2016' );
INSERT INTO orderData( orderDetails,orderId,orderAmount,supplier,orderDate)  values(  'null', 'Ord0081', '100080', '1023', '4/9/2016' );
INSERT INTO orderData( orderDetails,orderId,orderAmount,supplier,orderDate)  values(  'null', 'Ord0082', '100081', '1024', '4/10/2016' );
INSERT INTO orderData( orderDetails,orderId,orderAmount,supplier,orderDate)  values(  'null', 'Ord0083', '100082', '1025', '4/11/2016' );
INSERT INTO orderData( orderDetails,orderId,orderAmount,supplier,orderDate)  values(  'null', 'Ord0084', '100083', '1026', '4/12/2016' );
INSERT INTO orderData( orderDetails,orderId,orderAmount,supplier,orderDate)  values(  'null', 'Ord0085', '100084', '1027', '4/13/2016' );
INSERT INTO orderData( orderDetails,orderId,orderAmount,supplier,orderDate)  values(  'null', 'Ord0086', '100085', '1011', '4/14/2016' );
INSERT INTO orderData( orderDetails,orderId,orderAmount,supplier,orderDate)  values(  'null', 'Ord0087', '100086', '1012', '4/15/2016' );
INSERT INTO orderData( orderDetails,orderId,orderAmount,supplier,orderDate)  values(  'null', 'Ord0088', '100087', '1013', '4/16/2016' );
INSERT INTO orderData( orderDetails,orderId,orderAmount,supplier,orderDate)  values(  'null', 'Ord0089', '100088', '1014', '4/17/2016' );
INSERT INTO orderData( orderDetails,orderId,orderAmount,supplier,orderDate)  values(  'null', 'Ord0090', '100089', '1015', '4/18/2016' );
INSERT INTO orderData( orderDetails,orderId,orderAmount,supplier,orderDate)  values(  'null', 'Ord0091', '100090', '1016', '4/19/2016' );
INSERT INTO orderData( orderDetails,orderId,orderAmount,supplier,orderDate)  values(  'null', 'Ord0092', '100091', '1017', '4/20/2016' );
INSERT INTO orderData( orderDetails,orderId,orderAmount,supplier,orderDate)  values(  'null', 'Ord0093', '100092', '1018', '4/21/2016' );
INSERT INTO orderData( orderDetails,orderId,orderAmount,supplier,orderDate)  values(  'null', 'Ord0094', '100093', '1019', '4/22/2016' );
INSERT INTO orderData( orderDetails,orderId,orderAmount,supplier,orderDate)  values(  'null', 'Ord0095', '100094', '1020', '4/23/2016' );
INSERT INTO orderData( orderDetails,orderId,orderAmount,supplier,orderDate)  values(  'null', 'Ord0096', '100095', '1021', '4/24/2016' );
INSERT INTO orderData( orderDetails,orderId,orderAmount,supplier,orderDate)  values(  'null', 'Ord0097', '100096', '1022', '4/25/2016' );
INSERT INTO orderData( orderDetails,orderId,orderAmount,supplier,orderDate)  values(  'null', 'Ord0098', '100097', '1023', '4/26/2016' );
INSERT INTO orderData( orderDetails,orderId,orderAmount,supplier,orderDate)  values(  'null', 'Ord0099', '100098', '1024', '4/27/2016' );
INSERT INTO orderData( orderDetails,orderId,orderAmount,supplier,orderDate)  values(  'null', 'Ord0100', '100099', '1025', '4/28/2016' );
INSERT INTO orderData( orderDetails,orderId,orderAmount,supplier,orderDate)  values(  'null', 'Ord0101', '100100', '1026', '4/29/2016' );
INSERT INTO orderData( orderDetails,orderId,orderAmount,supplier,orderDate)  values(  'null', 'Ord0102', '100101', '1027', '4/30/2016' );
INSERT INTO orderData( orderDetails,orderId,orderAmount,supplier,orderDate)  values(  'null', 'Ord0103', '100102', '1011', '5/1/2016' );
INSERT INTO orderData( orderDetails,orderId,orderAmount,supplier,orderDate)  values(  'null', 'Ord0104', '100103', '1012', '5/2/2016' );
INSERT INTO orderData( orderDetails,orderId,orderAmount,supplier,orderDate)  values(  'null', 'Ord0105', '100104', '1013', '5/3/2016' );
INSERT INTO orderData( orderDetails,orderId,orderAmount,supplier,orderDate)  values(  'null', 'Ord0106', '100105', '1014', '5/4/2016' );
INSERT INTO orderData( orderDetails,orderId,orderAmount,supplier,orderDate)  values(  'null', 'Ord0107', '100106', '1015', '5/5/2016' );
INSERT INTO orderData( orderDetails,orderId,orderAmount,supplier,orderDate)  values(  'null', 'Ord0108', '100107', '1016', '5/6/2016' );
INSERT INTO orderData( orderDetails,orderId,orderAmount,supplier,orderDate)  values(  'null', 'Ord0109', '100108', '1017', '5/7/2016' );
INSERT INTO orderData( orderDetails,orderId,orderAmount,supplier,orderDate)  values(  'null', 'Ord0110', '100109', '1018', '5/8/2016' );
INSERT INTO orderData( orderDetails,orderId,orderAmount,supplier,orderDate)  values(  'null', 'Ord0111', '100110', '1019', '5/9/2016' );
INSERT INTO orderData( orderDetails,orderId,orderAmount,supplier,orderDate)  values(  'null', 'Ord0112', '100111', '1020', '5/10/2016' );
INSERT INTO orderData( orderDetails,orderId,orderAmount,supplier,orderDate)  values(  'null', 'Ord0113', '100112', '1021', '5/11/2016' );
INSERT INTO orderData( orderDetails,orderId,orderAmount,supplier,orderDate)  values(  'null', 'Ord0114', '100113', '1022', '5/12/2016' );
INSERT INTO orderData( orderDetails,orderId,orderAmount,supplier,orderDate)  values(  'null', 'Ord0115', '100114', '1023', '5/13/2016' );
INSERT INTO orderData( orderDetails,orderId,orderAmount,supplier,orderDate)  values(  'null', 'Ord0116', '100115', '1024', '5/14/2016' );
INSERT INTO orderData( orderDetails,orderId,orderAmount,supplier,orderDate)  values(  'null', 'Ord0117', '100116', '1025', '5/15/2016' );
INSERT INTO orderData( orderDetails,orderId,orderAmount,supplier,orderDate)  values(  'null', 'Ord0118', '100117', '1026', '5/16/2016' );
INSERT INTO orderData( orderDetails,orderId,orderAmount,supplier,orderDate)  values(  'null', 'Ord0119', '100118', '1027', '5/17/2016' );
INSERT INTO orderData( orderDetails,orderId,orderAmount,supplier,orderDate)  values(  'null', 'Ord0120', '100119', '1011', '5/18/2016' );
INSERT INTO orderData( orderDetails,orderId,orderAmount,supplier,orderDate)  values(  'null', 'Ord0121', '100120', '1012', '5/19/2016' );
INSERT INTO orderData( orderDetails,orderId,orderAmount,supplier,orderDate)  values(  'null', 'Ord0122', '100121', '1013', '5/20/2016' );
INSERT INTO orderData( orderDetails,orderId,orderAmount,supplier,orderDate)  values(  'null', 'Ord0123', '100122', '1014', '5/21/2016' );
INSERT INTO orderData( orderDetails,orderId,orderAmount,supplier,orderDate)  values(  'null', 'Ord0124', '100123', '1015', '5/22/2016' );
INSERT INTO orderData( orderDetails,orderId,orderAmount,supplier,orderDate)  values(  'null', 'Ord0125', '100124', '1016', '5/23/2016' );
INSERT INTO orderData( orderDetails,orderId,orderAmount,supplier,orderDate)  values(  'null', 'Ord0126', '100125', '1017', '5/24/2016' );
INSERT INTO orderData( orderDetails,orderId,orderAmount,supplier,orderDate)  values(  'null', 'Ord0127', '100126', '1018', '5/25/2016' );
INSERT INTO orderData( orderDetails,orderId,orderAmount,supplier,orderDate)  values(  'null', 'Ord0128', '100127', '1019', '5/26/2016' );
INSERT INTO orderData( orderDetails,orderId,orderAmount,supplier,orderDate)  values(  'null', 'Ord0129', '100128', '1020', '5/27/2016' );
INSERT INTO orderData( orderDetails,orderId,orderAmount,supplier,orderDate)  values(  'null', 'Ord0130', '100129', '1021', '5/28/2016' );
INSERT INTO orderData( orderDetails,orderId,orderAmount,supplier,orderDate)  values(  'null', 'Ord0131', '100130', '1022', '5/29/2016' );
INSERT INTO orderData( orderDetails,orderId,orderAmount,supplier,orderDate)  values(  'null', 'Ord0132', '100131', '1023', '5/30/2016' );
INSERT INTO orderData( orderDetails,orderId,orderAmount,supplier,orderDate)  values(  'null', 'Ord0133', '100132', '1024', '5/31/2016' );
INSERT INTO orderData( orderDetails,orderId,orderAmount,supplier,orderDate)  values(  'null', 'Ord0134', '100133', '1025', '6/1/2016' );
INSERT INTO orderData( orderDetails,orderId,orderAmount,supplier,orderDate)  values(  'null', 'Ord0135', '100134', '1026', '6/2/2016' );
INSERT INTO orderData( orderDetails,orderId,orderAmount,supplier,orderDate)  values(  'null', 'Ord0136', '100135', '1027', '6/3/2016' );
INSERT INTO orderData( orderDetails,orderId,orderAmount,supplier,orderDate)  values(  'null', 'Ord0137', '100136', '1011', '6/4/2016' );
INSERT INTO orderData( orderDetails,orderId,orderAmount,supplier,orderDate)  values(  'null', 'Ord0138', '100137', '1012', '6/5/2016' );
INSERT INTO orderData( orderDetails,orderId,orderAmount,supplier,orderDate)  values(  'null', 'Ord0139', '100138', '1013', '6/6/2016' );
INSERT INTO orderData( orderDetails,orderId,orderAmount,supplier,orderDate)  values(  'null', 'Ord0140', '100139', '1014', '6/7/2016' );
INSERT INTO orderData( orderDetails,orderId,orderAmount,supplier,orderDate)  values(  'null', 'Ord0141', '100140', '1015', '6/8/2016' );
INSERT INTO orderData( orderDetails,orderId,orderAmount,supplier,orderDate)  values(  'null', 'Ord0142', '100141', '1016', '6/9/2016' );
INSERT INTO orderData( orderDetails,orderId,orderAmount,supplier,orderDate)  values(  'null', 'Ord0143', '100142', '1017', '6/10/2016' );
INSERT INTO orderData( orderDetails,orderId,orderAmount,supplier,orderDate)  values(  'null', 'Ord0144', '100143', '1018', '6/11/2016' );
INSERT INTO orderData( orderDetails,orderId,orderAmount,supplier,orderDate)  values(  'null', 'Ord0145', '100144', '1019', '6/12/2016' );
INSERT INTO orderData( orderDetails,orderId,orderAmount,supplier,orderDate)  values(  'null', 'Ord0146', '100145', '1020', '6/13/2016' );
INSERT INTO orderData( orderDetails,orderId,orderAmount,supplier,orderDate)  values(  'null', 'Ord0147', '100146', '1021', '6/14/2016' );
INSERT INTO orderData( orderDetails,orderId,orderAmount,supplier,orderDate)  values(  'null', 'Ord0148', '100147', '1022', '6/15/2016' );
INSERT INTO orderData( orderDetails,orderId,orderAmount,supplier,orderDate)  values(  'null', 'Ord0149', '100148', '1023', '6/16/2016' );
INSERT INTO orderData( orderDetails,orderId,orderAmount,supplier,orderDate)  values(  'null', 'Ord0150', '100149', '1024', '6/17/2016' );
INSERT INTO orderData( orderDetails,orderId,orderAmount,supplier,orderDate)  values(  'null', 'Ord0151', '100150', '1025', '6/18/2016' );
INSERT INTO orderData( orderDetails,orderId,orderAmount,supplier,orderDate)  values(  'null', 'Ord0152', '100151', '1026', '6/19/2016' );
INSERT INTO orderData( orderDetails,orderId,orderAmount,supplier,orderDate)  values(  'null', 'Ord0153', '100152', '1027', '6/20/2016' );
INSERT INTO orderData( orderDetails,orderId,orderAmount,supplier,orderDate)  values(  'null', 'Ord0154', '100153', '1011', '6/21/2016' );
INSERT INTO orderData( orderDetails,orderId,orderAmount,supplier,orderDate)  values(  'null', 'Ord0155', '100154', '1012', '6/22/2016' );
INSERT INTO orderData( orderDetails,orderId,orderAmount,supplier,orderDate)  values(  'null', 'Ord0156', '100155', '1013', '6/23/2016' );
INSERT INTO orderData( orderDetails,orderId,orderAmount,supplier,orderDate)  values(  'null', 'Ord0157', '100156', '1014', '6/24/2016' );
INSERT INTO orderData( orderDetails,orderId,orderAmount,supplier,orderDate)  values(  'null', 'Ord0158', '100157', '1015', '6/25/2016' );
INSERT INTO orderData( orderDetails,orderId,orderAmount,supplier,orderDate)  values(  'null', 'Ord0159', '100158', '1016', '6/26/2016' );
INSERT INTO orderData( orderDetails,orderId,orderAmount,supplier,orderDate)  values(  'null', 'Ord0160', '100159', '1017', '6/27/2016' );
INSERT INTO orderData( orderDetails,orderId,orderAmount,supplier,orderDate)  values(  'null', 'Ord0161', '100160', '1018', '6/28/2016' );
INSERT INTO orderData( orderDetails,orderId,orderAmount,supplier,orderDate)  values(  'null', 'Ord0162', '100161', '1019', '6/29/2016' );
INSERT INTO orderData( orderDetails,orderId,orderAmount,supplier,orderDate)  values(  'null', 'Ord0163', '100162', '1020', '6/30/2016' );
INSERT INTO orderData( orderDetails,orderId,orderAmount,supplier,orderDate)  values(  'null', 'Ord0164', '100163', '1021', '7/1/2016' );
INSERT INTO orderData( orderDetails,orderId,orderAmount,supplier,orderDate)  values(  'null', 'Ord0165', '100164', '1022', '7/2/2016' );
INSERT INTO orderData( orderDetails,orderId,orderAmount,supplier,orderDate)  values(  'null', 'Ord0166', '100165', '1023', '7/3/2016' );
INSERT INTO orderData( orderDetails,orderId,orderAmount,supplier,orderDate)  values(  'null', 'Ord0167', '100166', '1024', '7/4/2016' );
INSERT INTO orderData( orderDetails,orderId,orderAmount,supplier,orderDate)  values(  'null', 'Ord0168', '100167', '1025', '7/5/2016' );
INSERT INTO orderData( orderDetails,orderId,orderAmount,supplier,orderDate)  values(  'null', 'Ord0169', '100168', '1026', '7/6/2016' );
INSERT INTO orderData( orderDetails,orderId,orderAmount,supplier,orderDate)  values(  'null', 'Ord0170', '100169', '1027', '7/7/2016' );
INSERT INTO orderData( orderDetails,orderId,orderAmount,supplier,orderDate)  values(  'null', 'Ord0171', '100170', '1011', '7/8/2016' );
INSERT INTO orderData( orderDetails,orderId,orderAmount,supplier,orderDate)  values(  'null', 'Ord0172', '100171', '1012', '7/9/2016' );
INSERT INTO orderData( orderDetails,orderId,orderAmount,supplier,orderDate)  values(  'null', 'Ord0173', '100172', '1013', '7/10/2016' );
INSERT INTO orderData( orderDetails,orderId,orderAmount,supplier,orderDate)  values(  'null', 'Ord0174', '100173', '1014', '7/11/2016' );
INSERT INTO orderData( orderDetails,orderId,orderAmount,supplier,orderDate)  values(  'null', 'Ord0175', '100174', '1015', '7/12/2016' );
INSERT INTO orderData( orderDetails,orderId,orderAmount,supplier,orderDate)  values(  'null', 'Ord0176', '100175', '1016', '7/13/2016' );
INSERT INTO orderData( orderDetails,orderId,orderAmount,supplier,orderDate)  values(  'null', 'Ord0177', '100176', '1017', '7/14/2016' );
INSERT INTO orderData( orderDetails,orderId,orderAmount,supplier,orderDate)  values(  'null', 'Ord0178', '100177', '1018', '7/15/2016' );
INSERT INTO orderData( orderDetails,orderId,orderAmount,supplier,orderDate)  values(  'null', 'Ord0179', '100178', '1019', '7/16/2016' );
INSERT INTO orderData( orderDetails,orderId,orderAmount,supplier,orderDate)  values(  'null', 'Ord0180', '100179', '1020', '7/17/2016' );
INSERT INTO orderData( orderDetails,orderId,orderAmount,supplier,orderDate)  values(  'null', 'Ord0181', '100180', '1021', '7/18/2016' );
INSERT INTO orderData( orderDetails,orderId,orderAmount,supplier,orderDate)  values(  'null', 'Ord0182', '100181', '1022', '7/19/2016' );
INSERT INTO orderData( orderDetails,orderId,orderAmount,supplier,orderDate)  values(  'null', 'Ord0183', '100182', '1023', '7/20/2016' );
INSERT INTO orderData( orderDetails,orderId,orderAmount,supplier,orderDate)  values(  'null', 'Ord0184', '100183', '1024', '7/21/2016' );
INSERT INTO orderData( orderDetails,orderId,orderAmount,supplier,orderDate)  values(  'null', 'Ord0185', '100184', '1025', '7/22/2016' );
INSERT INTO orderData( orderDetails,orderId,orderAmount,supplier,orderDate)  values(  'null', 'Ord0186', '100185', '1026', '7/23/2016' );
INSERT INTO orderData( orderDetails,orderId,orderAmount,supplier,orderDate)  values(  'null', 'Ord0187', '100186', '1027', '7/24/2016' );
INSERT INTO orderData( orderDetails,orderId,orderAmount,supplier,orderDate)  values(  'null', 'Ord0188', '100187', '1011', '7/25/2016' );
INSERT INTO orderData( orderDetails,orderId,orderAmount,supplier,orderDate)  values(  'null', 'Ord0189', '100188', '1012', '7/26/2016' );
INSERT INTO orderData( orderDetails,orderId,orderAmount,supplier,orderDate)  values(  'null', 'Ord0190', '100189', '1013', '7/27/2016' );
INSERT INTO orderData( orderDetails,orderId,orderAmount,supplier,orderDate)  values(  'null', 'Ord0191', '100190', '1014', '7/28/2016' );
INSERT INTO orderData( orderDetails,orderId,orderAmount,supplier,orderDate)  values(  'null', 'Ord0192', '100191', '1015', '7/29/2016' );
INSERT INTO orderData( orderDetails,orderId,orderAmount,supplier,orderDate)  values(  'null', 'Ord0193', '100192', '1016', '7/30/2016' );
INSERT INTO orderData( orderDetails,orderId,orderAmount,supplier,orderDate)  values(  'null', 'Ord0194', '100193', '1017', '7/31/2016' );
INSERT INTO orderData( orderDetails,orderId,orderAmount,supplier,orderDate)  values(  'null', 'Ord0195', '100194', '1018', '8/1/2016' );
INSERT INTO orderData( orderDetails,orderId,orderAmount,supplier,orderDate)  values(  'null', 'Ord0196', '100195', '1019', '8/2/2016' );
INSERT INTO orderData( orderDetails,orderId,orderAmount,supplier,orderDate)  values(  'null', 'Ord0197', '100196', '1020', '8/3/2016' );
INSERT INTO orderData( orderDetails,orderId,orderAmount,supplier,orderDate)  values(  'null', 'Ord0198', '100197', '1021', '8/4/2016' );
INSERT INTO orderData( orderDetails,orderId,orderAmount,supplier,orderDate)  values(  'null', 'Ord0199', '100198', '1022', '8/5/2016' );
INSERT INTO orderData( orderDetails,orderId,orderAmount,supplier,orderDate)  values(  'null', 'Ord0200', '100199', '1023', '8/6/2016' );